time,meas,ref,error,pid_p,pid_i,pid_d,pid_pd,u,snn_p,snn_i,snn_d,snn_pd,snn_pid
0.0,-0.09000000357627869,0.0,0.0900000035762786,0.0,0.0,0.0,0.0,0.0,0.0,0.0,0.0,0.4791948199272156,0.0
0.10397505760192871,-0.09000000357627869,0.0,0.0900000035762786,0.0,0.0,0.0,0.0,0.0,0.0,0.0,0.0,0.8212113380432129,0.0
0.2075498104095459,-0.09000000357627869,0.0,0.0900000035762786,0.0,0.0,0.0,0.0,0.0,0.0,0.0,0.0,1.04654061794281,0.0
0.3070101737976074,-0.09000000357627869,0.0,0.0900000035762786,0.0,0.0,0.0,0.0,0.0,0.0,0.0,0.0,0.1802319288253784,0.0
0.4164109230041504,-0.09000000357627869,0.0,0.0900000035762786,0.0,0.0,0.0,0.0,0.0,0.0,0.0,0.0,0.6779070496559143,0.0
0.5149636268615723,-0.09000000357627869,0.0,0.0900000035762786,0.0,0.0,0.0,0.0,0.0,0.0,0.0,0.0,0.5654481053352356,0.0
0.6140813827514648,-0.0800000131130219,0.0,0.0800000131130218,0.0,0.0,-0.0,0.0,0.0,0.0,0.0,0.0,0.5115422010421753,0.0
0.7186226844787598,-0.0800000131130219,0.0,0.0800000131130218,0.0,0.0,-0.0,0.0,0.0,0.0,0.0,0.0,0.5115422010421753,0.0
1.0293912887573242,-0.0800000131130219,0.0,0.0800000131130218,0.0,0.0,0.0,0.0,0.0,0.0,0.0,0.0,0.8313237428665161,0.0
1.0294215679168701,-0.0800000131130219,0.0,0.0800000131130218,0.0,0.0,0.0,0.0,0.0,0.0,0.0,0.0,0.8313237428665161,0.0
1.029445171356258,-0.06999999284744263,0.0,0.0699999928474426,0.0,0.0,-0.0,0.0,0.0,0.0,0.0,0.0,0.8313237428665161,0.0
1.0954453945159912,-0.06999999284744263,0.0,0.0699999928474426,0.0,0.0,-0.0,0.0,0.0,0.0,0.0,0.0,0.8313237428665161,0.0
1.1949243545532227,-0.06999999284744263,0.0,0.0699999928474426,0.0,0.0,0.0,0.0,0.0,0.0,0.0,0.0,0.8313237428665161,0.0
1.3006551265716553,-0.06999999284744263,0.0,0.0699999928474426,0.0,0.0,0.0,0.0,0.0,0.0,0.0,0.0,0.7419804334640503,0.0
1.395244836807251,-0.06000000238418579,0.0,0.0600000023841857,0.0,0.0,-0.0,0.0,0.0,0.0,0.0,0.0,0.596160888671875,0.0
1.494293451309204,-0.06000000238418579,0.0,0.0600000023841857,0.0,0.0,-0.0,0.0,0.0,0.0,0.0,0.0,-0.035652220249176,0.0
1.5951707363128662,-0.06000000238418579,0.0,0.0600000023841857,0.0,0.0,0.0,0.0,0.0,0.0,0.0,0.0,-0.338504284620285,0.0
1.695141315460262,-0.05000001192092901,0.0,0.0500000119209289,0.0,0.0,-0.0,0.0,0.0,0.0,0.0,0.0,0.4292570054531097,0.0
1.7953288555145264,-0.05000001192092901,0.0,0.0500000119209289,0.0,0.0,-0.0,0.0,0.0,0.0,0.0,0.0,0.4462606310844421,0.0
1.8953526020050617,-0.03999999165534979,0.0,0.0399999916553497,0.0,0.0,-0.0,0.0,0.0,0.0,0.0,0.0,0.4462606310844421,0.0
1.9961628913879395,-0.03999999165534979,0.0,0.0399999916553497,0.0,0.0,-0.0,0.0,0.0,0.0,0.0,0.0,-0.3729461133480072,0.0
2.094597101211548,-0.03999999165534979,0.0,0.0399999916553497,0.0,0.0,0.0,0.0,0.0,0.0,0.0,0.0,-0.1491685360670089,0.0
2.1948161125183105,-0.030000001192092896,0.0,0.0300000011920928,0.0,0.0,-0.0,0.0,0.0,0.0,0.0,0.0,-0.0715021565556526,0.0
2.2954394817352295,-0.030000001192092896,0.0,0.0300000011920928,0.0,0.0,-0.0,0.0,0.0,0.0,0.0,0.0,-0.3556885421276092,0.0
2.3952062129974365,-0.030000001192092896,0.0,0.0300000011920928,0.0,0.0,0.0,0.0,0.0,0.0,0.0,0.0,-0.1704950630664825,0.0
2.495697021484375,-0.020000010728836115,0.0,0.020000010728836,0.0,0.0,-0.0,0.0,0.0,0.0,0.0,0.0,-0.0817247778177261,0.0
2.5950710773468018,-0.020000010728836115,0.0,0.020000010728836,0.0,0.0,-0.0,0.0,0.0,0.0,0.0,0.0,0.311839759349823,0.0
2.6947317123413086,-0.020000010728836115,0.0,0.020000010728836,0.0,0.0,0.0,0.0,0.0,0.0,0.0,0.0,0.1494766771793365,0.0
2.7957653999328613,-0.009999990463256891,0.0,0.0099999904632568,0.0,0.0,-0.0,0.0,0.0,0.0,0.0,0.0,0.0716498643159866,0.0
2.8943872451782227,-0.009999990463256891,0.0,0.0099999904632568,0.0,0.0,-0.0,0.0,0.0,0.0,0.0,0.0,0.0343445092439651,0.0
2.9948031902313232,0.0,0.0,0.0,0.0,0.0,-0.0,0.0,0.0,0.0,0.0,0.0,0.0164626315236091,0.0
3.094200611114502,0.0,0.0,0.0,0.0,0.0,-0.0,0.0,0.0,0.0,0.0,0.0,0.00789116602391,0.0
3.1953141689300537,0.0,0.0,0.0,0.0,0.0,0.0,0.0,0.0,0.0,0.0,0.0,0.003782536368817,0.0
3.2959015369415283,0.0,0.0,0.0,0.0,0.0,0.0,0.0,0.0,0.0,0.0,0.0,0.0018131136894226,0.0
3.3950769901275635,0.009999990463256836,0.0,-0.0099999904632568,0.0,0.0,-0.0,0.0,0.0,0.0,0.0,0.0,-0.350144475698471,0.0
3.4961678981781006,0.009999990463256836,0.0,-0.0099999904632568,0.0,0.0,-0.0,0.0,0.0,0.0,0.0,0.0,-0.1678375750780105,0.0
3.5952250957489014,0.009999990463256836,0.0,-0.0099999904632568,0.0,0.0,0.0,0.0,0.0,0.0,0.0,0.0,-0.0804509446024894,0.0
3.6979284286499023,0.019999980926513672,0.0,-0.0199999809265136,0.0,0.0,-0.0,0.0,0.0,0.0,0.0,0.0,-0.0385632030665874,0.0
3.795745849609432,0.019999980926513672,0.0,-0.0199999809265136,0.0,0.0,-0.0,0.0,0.0,0.0,0.0,0.0,-0.0184848122298717,0.0
3.8962156772613525,0.019999980926513672,0.0,-0.0199999809265136,0.0,0.0,0.0,0.0,0.0,0.0,0.0,0.0,-0.3598740398883819,0.0
3.999856948852539,0.019999980926513672,0.0,-0.0199999809265136,0.0,0.0,0.0,0.0,0.0,0.0,0.0,0.0,-0.1725013256072998,0.0
4.095968246459961,0.029999971389770508,0.0,-0.0299999713897705,0.0,0.0,-0.0,0.0,0.0,0.0,0.0,0.0,-0.0826864540576934,0.0
4.198591709136963,0.029999971389770508,0.0,-0.0299999713897705,0.0,0.0,-0.0,0.0,0.0,0.0,0.0,0.0,-0.0396347679197788,0.0
4.303710699081421,0.029999971389770508,0.0,-0.0299999713897705,0.0,0.0,0.0,0.0,0.0,0.0,0.0,0.0,-0.3700120151042938,0.0
4.405982732772827,0.029999971389770508,0.0,-0.0299999713897705,0.0,0.0,0.0,0.0,0.0,0.0,0.0,0.0,-0.1773608475923538,0.0
4.509439468383789,0.04000002145767212,0.0,-0.0400000214576721,0.0,0.0,-0.0,0.0,0.0,0.0,0.0,0.0,-0.646932065486908,0.0
4.608463764190674,0.04000002145767212,0.0,-0.0400000214576721,0.0,0.0,-0.0,0.0,0.0,0.0,0.0,0.0,-0.310099184513092,0.0
4.710536241531372,0.04000002145767212,0.0,-0.0400000214576721,0.0,0.0,0.0,0.0,0.0,0.0,0.0,0.0,-0.4996559023857116,0.0
4.817559719085693,0.04000002145767212,0.0,-0.0400000214576721,0.0,0.0,0.0,0.0,0.0,0.0,0.0,0.0,-0.2395040988922119,0.0
4.915122985839844,0.050000011920928955,0.0,-0.0500000119209289,0.0,0.0,-0.0,0.0,0.0,0.0,0.0,0.0,-0.1148034334182739,0.0
5.023327112197876,0.050000011920928955,0.0,-0.0500000119209289,0.0,0.0,-0.0,0.0,0.0,0.0,0.0,0.0,-0.6169458627700806,0.0
5.120579242706299,0.050000011920928955,0.0,-0.0500000119209289,0.0,0.0,0.0,0.0,0.0,0.0,0.0,0.0,-0.6169458627700806,0.0
5.429532289505062,0.050000011920928955,0.0,-0.0500000119209289,0.0,0.0,0.0,0.0,0.0,0.0,0.0,0.0,-0.0712286978960037,0.0
5.429542303085327,0.050000011920928955,0.0,-0.0500000119209289,0.0,0.0,0.0,0.0,0.0,0.0,0.0,0.0,-0.0712286978960037,0.0
5.429569244384766,0.06000000238418579,0.0,-0.0600000023841857,0.0,0.0,-0.0,0.0,0.0,0.0,0.0,0.0,-0.0712286978960037,0.0
5.493763208389282,0.06000000238418579,0.0,-0.0600000023841857,0.0,0.0,-0.0,0.0,0.0,0.0,0.0,0.0,-0.9470723867416382,0.0
5.596147775650024,0.06000000238418579,0.0,-0.0600000023841857,0.0,0.0,0.0,0.0,0.0,0.0,0.0,0.0,-0.4539678692817688,0.0
5.695096492767334,0.06000000238418579,0.0,-0.0600000023841857,0.0,0.0,0.0,0.0,0.0,0.0,0.0,0.0,-0.5390189290046692,0.0
5.794724225997925,0.06000000238418579,0.0,-0.0600000023841857,0.0,0.0,0.0,0.0,0.0,0.0,0.0,0.0,-0.2583723068237304,0.0
5.893823146820068,0.06000000238418579,0.0,-0.0600000023841857,0.0,0.0,0.0,0.0,0.0,0.0,0.0,0.0,-0.4748612642288208,0.0
5.994739294052124,0.06000000238418579,0.0,-0.0600000023841857,0.0,0.0,0.0,0.0,0.0,0.0,0.0,0.0,-0.7895352840423584,0.0
6.094324588775635,0.06000000238418579,0.0,-0.0600000023841857,0.0,0.0,0.0,0.0,0.0,0.0,0.0,0.0,-0.378454327583313,0.0
6.195261001586914,0.06000000238418579,0.0,-0.0600000023841857,0.0,0.0,0.0,0.0,0.0,0.0,0.0,0.0,-0.1814075708389282,0.0
6.294355630874634,0.06000000238418579,0.0,-0.0600000023841857,0.0,0.0,0.0,0.0,0.0,0.0,0.0,0.0,-0.7593839168548584,0.0
6.394766092300415,0.06000000238418579,0.0,-0.0600000023841857,0.0,0.0,0.0,0.0,0.0,0.0,0.0,0.0,-0.6854164600372314,0.0
6.494873285293579,0.06000000238418579,0.0,-0.0600000023841857,0.0,0.0,0.0,0.0,0.0,0.0,0.0,0.0,-0.649960994720459,0.0
6.595188617706299,0.06000000238418579,0.0,-0.0600000023841857,0.0,0.0,0.0,0.0,0.0,0.0,0.0,0.0,-0.3115510642528534,0.0
6.69450569152832,0.06000000238418579,0.0,-0.0600000023841857,0.0,0.0,0.0,0.0,0.0,0.0,0.0,0.0,-0.5003518462181091,0.0
6.796141862869263,0.06000000238418579,0.0,-0.0600000023841857,0.0,0.0,0.0,0.0,0.0,0.0,0.0,0.0,-0.2398376911878585,0.0
6.894787311553955,0.06000000238418579,0.0,-0.0600000023841857,0.0,0.0,0.0,0.0,0.0,0.0,0.0,0.0,-0.1149633377790451,0.0
6.99557638168335,0.06000000238418579,0.0,-0.0600000023841857,0.0,0.0,0.0,0.0,0.0,0.0,0.0,0.0,-0.6170225143432617,0.0
7.094864845275879,0.06000000238418579,0.0,-0.0600000023841857,0.0,0.0,0.0,0.0,0.0,0.0,0.0,0.0,-0.9681907892227172,0.0
7.195842742919922,0.06000000238418579,0.0,-0.0600000023841857,0.0,0.0,0.0,0.0,0.0,0.0,0.0,0.0,-0.7855055332183838,0.0
7.296215295791626,0.050000011920928955,0.0,-0.0500000119209289,0.0,0.0,0.0,0.0,0.0,0.0,0.0,0.0,-0.697937548160553,0.0
7.393203258514404,0.050000011920928955,0.0,-0.0500000119209289,0.0,0.0,0.0,0.0,0.0,0.0,0.0,0.0,-0.6559628844261169,0.0
7.501007795333862,0.050000011920928955,0.0,-0.0500000119209289,0.0,0.0,0.0,0.0,0.0,0.0,0.0,0.0,-0.6654415726661682,0.0
7.600767612457275,0.050000011920928955,0.0,-0.0500000119209289,0.0,0.0,0.0,0.0,0.0,0.0,0.0,0.0,-0.3189714848995209,0.0
7.698240756988525,0.04000002145767212,0.0,-0.0400000214576721,0.0,0.0,0.0,0.0,0.0,0.0,0.0,0.0,-0.1528951823711395,0.0
7.7956860065460205,0.04000002145767212,0.0,-0.0400000214576721,0.0,0.0,0.0,0.0,0.0,0.0,0.0,0.0,-0.0732884854078292,0.0
7.899606704711914,0.04000002145767212,0.0,-0.0400000214576721,0.0,0.0,0.0,0.0,0.0,0.0,0.0,0.0,-0.3861435353755951,0.0
7.995307683944702,0.04000002145767212,0.0,-0.0400000214576721,0.0,0.0,0.0,0.0,0.0,0.0,0.0,0.0,-0.1850932985544204,0.0
8.096556425094661,0.029999971389770508,0.0,-0.0299999713897705,0.0,0.0,0.0,0.0,0.0,0.0,0.0,0.0,-0.0887222662568092,0.0
8.197813272476196,0.029999971389770508,0.0,-0.0299999713897705,0.0,0.0,0.0,0.0,0.0,0.0,0.0,0.0,-0.042527962476015,0.0
8.295699119567871,0.029999971389770508,0.0,-0.0299999713897705,0.0,0.0,0.0,0.0,0.0,0.0,0.0,0.0,-0.3713988363742828,0.0
8.401628971099854,0.019999980926513672,0.0,-0.0199999809265136,0.0,0.0,0.0,0.0,0.0,0.0,0.0,0.0,-0.1780256032943725,0.0
8.501730680465698,0.019999980926513672,0.0,-0.0199999809265136,0.0,0.0,0.0,0.0,0.0,0.0,0.0,0.0,-0.0853344500064849,0.0
8.606567859649658,0.019999980926513672,0.0,-0.0199999809265136,0.0,0.0,0.0,0.0,0.0,0.0,0.0,0.0,-0.0853344500064849,0.0
8.703882932662964,0.009999990463256836,0.0,-0.0099999904632568,0.0,0.0,0.0,0.0,0.0,0.0,0.0,0.0,-0.0196068696677684,0.0
8.811345100402832,0.009999990463256836,0.0,-0.0099999904632568,0.0,0.0,0.0,0.0,0.0,0.0,0.0,0.0,-0.0093983188271522,0.0
8.908665180206299,0.009999990463256836,0.0,-0.0099999904632568,0.0,0.0,0.0,0.0,0.0,0.0,0.0,0.0,-0.3555185496807098,0.0
9.011879205703735,0.0,0.0,0.0,0.0,0.0,0.0,0.0,0.0,0.0,0.0,0.0,-0.1704135835170745,0.0
9.113977432250977,0.0,0.0,0.0,0.0,0.0,0.0,0.0,0.0,0.0,0.0,0.0,-0.081685721874237,0.0
9.215791940689087,0.0,0.0,0.0,0.0,0.0,0.0,0.0,0.0,0.0,0.0,0.0,-0.039155077189207,0.0
9.31936001777649,-0.009999990463256891,0.0,0.0099999904632568,0.0,0.0,0.0,0.0,0.0,0.0,0.0,0.0,0.3322450518608093,0.0
9.633065938949585,-0.009999990463256891,0.0,0.0099999904632568,0.0,0.0,0.0,0.0,0.0,0.0,0.0,0.0,0.3322450518608093,0.0
9.633542537689209,-0.020000010728836115,0.0,0.020000010728836,0.0,0.0,0.0,0.0,0.0,0.0,0.0,0.0,0.3322450518608093,0.0
9.633565664291382,-0.020000010728836115,0.0,0.020000010728836,0.0,0.0,0.0,0.0,0.0,0.0,0.0,0.0,0.159257709980011,0.0
9.695881366729736,-0.020000010728836115,0.0,0.020000010728836,0.0,0.0,0.0,0.0,0.0,0.0,0.0,0.0,0.0175398662686347,0.0
9.797354221343937,-0.030000001192092896,0.0,0.0300000011920928,0.0,0.0,0.0,0.0,0.0,0.0,0.0,0.0,0.3594211041927337,0.0
9.894684791564941,-0.030000001192092896,0.0,0.0300000011920928,0.0,0.0,0.0,0.0,0.0,0.0,0.0,0.0,0.1722842156887054,0.0
10.000619411468506,-0.030000001192092896,0.0,0.0300000011920928,0.0,0.0,0.0,0.0,0.0,0.0,0.0,0.0,0.0825823843479156,0.0
10.09473705291748,-0.03999999165534979,0.0,0.0399999916553497,0.0,0.0,0.0,0.0,0.0,0.0,0.0,0.0,0.6015011668205261,0.0
10.194637537002563,-0.03999999165534979,0.0,0.0399999916553497,0.0,0.0,0.0,0.0,0.0,0.0,0.0,0.0,0.6393359899520874,0.0
10.298001766204834,-0.03999999165534979,0.0,0.0399999916553497,0.0,0.0,0.0,0.0,0.0,0.0,0.0,0.0,0.3064580857753753,0.0
10.395130157470703,-0.05000001192092901,0.0,0.0500000119209289,0.0,0.0,0.0,0.0,0.0,0.0,0.0,0.0,0.1468970328569412,0.0
10.495903730392456,-0.05000001192092901,0.0,0.0500000119209289,0.0,0.0,0.0,0.0,0.0,0.0,0.0,0.0,0.0704133436083793,0.0
10.59583759307867,-0.05000001192092901,0.0,0.0500000119209289,0.0,0.0,0.0,0.0,0.0,0.0,0.0,0.0,0.9466816186904908,0.0
10.695357084274292,-0.06000000238418579,0.0,0.0600000023841857,0.0,0.0,0.0,0.0,0.0,0.0,0.0,0.0,0.4537805616855621,0.0
10.796088218688965,-0.06000000238418579,0.0,0.0600000023841857,0.0,0.0,0.0,0.0,0.0,0.0,0.0,0.0,1.1008453369140625,0.0
10.89608645439148,-0.06999999284744263,0.0,0.0699999928474426,0.0,0.0,0.0,0.0,0.0,0.0,0.0,0.0,0.8786907196044922,0.0
10.995198965072632,-0.06999999284744263,0.0,0.0699999928474426,0.0,0.0,0.0,0.0,0.0,0.0,0.0,0.0,0.6616913676261902,0.0
11.099440097808838,-0.06999999284744263,0.0,0.0699999928474426,0.0,0.0,0.0,0.0,0.0,0.0,0.0,0.0,0.8790901899337769,0.0
11.195870876312256,-0.06999999284744263,0.0,0.0699999928474426,0.0,0.0,0.0,0.0,0.0,0.0,0.0,0.0,0.7723950147628784,0.0
11.298524379730225,-0.0800000131130219,0.0,0.0800000131130218,0.0,0.0,0.0,0.0,0.0,0.0,0.0,0.0,0.782639741897583,0.0
11.39772653579712,-0.0800000131130219,0.0,0.0800000131130218,0.0,0.0,0.0,0.0,0.0,0.0,0.0,0.0,0.937065362930298,0.0
11.495348453521729,-0.0800000131130219,0.0,0.0800000131130218,0.0,0.0,0.0,0.0,0.0,0.0,0.0,0.0,1.3621009588241575,0.0
11.594692230224666,-0.0800000131130219,0.0,0.0800000131130218,0.0,0.0,0.0,0.0,0.0,0.0,0.0,0.0,0.331492006778717,0.0
11.69586992263794,-0.09000000357627869,0.0,0.0900000035762786,0.0,0.0,0.0,0.0,0.0,0.0,0.0,0.0,-0.1625180840492248,0.0
11.793249130249023,-0.09000000357627869,0.0,0.0900000035762786,0.0,0.0,0.0,0.0,0.0,0.0,0.0,0.0,0.8350287079811096,0.0
11.898984670639038,-0.09000000357627869,0.0,0.0900000035762786,0.0,0.0,0.0,0.0,0.0,0.0,0.0,0.0,1.3745787143707275,0.0
11.99637484550476,-0.09000000357627869,0.0,0.0900000035762786,0.0,0.0,0.0,0.0,0.0,0.0,0.0,0.0,0.3374730944633484,0.0
12.098766326904297,-0.09000000357627869,0.0,0.0900000035762786,0.0,0.0,0.0,0.0,0.0,0.0,0.0,0.0,0.7532787322998047,0.0
12.196270227432251,-0.09000000357627869,0.0,0.0900000035762786,0.0,0.0,0.0,0.0,0.0,0.0,0.0,0.0,0.6015766263008118,0.0
12.295964002609253,-0.09000000357627869,0.0,0.0900000035762786,0.0,0.0,0.0,0.0,0.0,0.0,0.0,0.0,0.5288600325584412,0.0
12.40195894241333,-0.09000000357627869,0.0,0.0900000035762786,0.0,0.0,0.0,0.0,0.0,0.0,0.0,0.0,0.8450177907943726,0.0
12.495211601257324,-0.09000000357627869,0.0,0.0900000035762786,0.0,0.0,0.0,0.0,0.0,0.0,0.0,0.0,0.4960357546806335,0.0
12.596569061279297,-0.09000000357627869,0.0,0.0900000035762786,0.0,0.0,0.0,0.0,0.0,0.0,0.0,0.0,0.4782702326774597,0.0
12.698370933532715,-0.09000000357627869,0.0,0.0900000035762786,0.0,0.0,0.0,0.0,0.0,0.0,0.0,0.0,0.8207681179046631,0.0
12.802313089370728,-0.09000000357627869,0.0,0.0900000035762786,0.0,0.0,0.0,0.0,0.0,0.0,0.0,0.0,0.6339268088340759,0.0
12.903631687164307,-0.0800000131130219,0.0,0.0800000131130218,0.0,0.0,-0.0,0.0,0.0,0.0,0.0,0.0,-0.0175495743751525,0.0
13.00617265701294,-0.0800000131130219,0.0,0.0800000131130218,0.0,0.0,-0.0,0.0,0.0,0.0,0.0,0.0,0.583102822303772,0.0
13.106855869293213,-0.0800000131130219,0.0,0.0800000131130218,0.0,0.0,0.0,0.0,0.0,0.0,0.0,0.0,0.5200048089027405,0.0
13.212362051010132,-0.0800000131130219,0.0,0.0800000131130218,0.0,0.0,0.0,0.0,0.0,0.0,0.0,0.0,0.5200048089027405,0.0
13.31507658958435,-0.06999999284744263,0.0,0.0699999928474426,0.0,0.0,-0.0,0.0,0.0,0.0,0.0,0.0,0.4620388150215149,0.0
13.417649507522583,-0.06999999284744263,0.0,0.0699999928474426,0.0,0.0,-0.0,0.0,0.0,0.0,0.0,0.0,0.4619742035865783,0.0
13.52291989326477,-0.06999999284744263,0.0,0.0699999928474426,0.0,0.0,0.0,0.0,0.0,0.0,0.0,0.0,0.4619432389736175,0.0
13.620057582855225,-0.06000000238418579,0.0,0.0600000023841857,0.0,0.0,-0.0,0.0,0.0,0.0,0.0,0.0,0.4619432389736175,0.0
13.726365566253662,-0.06000000238418579,0.0,0.0600000023841857,0.0,0.0,-0.0,0.0,0.0,0.0,0.0,0.0,0.4619432389736175,0.0
14.032302618026733,-0.06000000238418579,0.0,0.0600000023841857,0.0,0.0,0.0,0.0,0.0,0.0,0.0,0.0,0.6404643654823303,0.0
14.032305240631104,-0.05000001192092901,0.0,0.0500000119209289,0.0,0.0,-0.0,0.0,0.0,0.0,0.0,0.0,0.6404643654823303,0.0
14.032307624816895,-0.05000001192092901,0.0,0.0500000119209289,0.0,0.0,-0.0,0.0,0.0,0.0,0.0,0.0,0.6404643654823303,0.0
14.09590482711792,-0.03999999165534979,0.0,0.0399999916553497,0.0,0.0,-0.0,0.0,0.0,0.0,0.0,0.0,-0.0144158601760864,0.0
14.196155309677124,-0.03999999165534979,0.0,0.0399999916553497,0.0,0.0,-0.0,0.0,0.0,0.0,0.0,0.0,-0.3283249139785766,0.0
14.297485113143921,-0.030000001192092896,0.0,0.0300000011920928,0.0,0.0,-0.0,0.0,0.0,0.0,0.0,0.0,-0.4787934422492981,0.0
14.395398139953613,-0.030000001192092896,0.0,0.0300000011920928,0.0,0.0,-0.0,0.0,0.0,0.0,0.0,0.0,0.1215096414089202,0.0
14.496325969696045,-0.030000001192092896,0.0,0.0300000011920928,0.0,0.0,0.0,0.0,0.0,0.0,0.0,0.0,-0.2631706297397613,0.0
14.59585356712347,-0.020000010728836115,0.0,0.020000010728836,0.0,0.0,-0.0,0.0,0.0,0.0,0.0,0.0,-0.1261477023363113,0.0
14.697405576705933,-0.020000010728836115,0.0,0.020000010728836,0.0,0.0,-0.0,0.0,0.0,0.0,0.0,0.0,-0.0604673959314823,0.0
14.797620296478271,-0.009999990463256891,0.0,0.0099999904632568,0.0,0.0,-0.0,0.0,0.0,0.0,0.0,0.0,-0.0289843250066041,0.0
14.896281719207764,-0.009999990463256891,0.0,0.0099999904632568,0.0,0.0,-0.0,0.0,0.0,0.0,0.0,0.0,-0.0138932904228568,0.0
14.995916366577148,0.0,0.0,0.0,0.0,0.0,-0.0,0.0,0.0,0.0,0.0,0.0,-0.0066595831885933,0.0
15.09684681892395,0.0,0.0,0.0,0.0,0.0,-0.0,0.0,0.0,0.0,0.0,0.0,-0.0031921917106956,0.0
15.197500228881836,0.0,0.0,0.0,0.0,0.0,0.0,0.0,0.0,0.0,0.0,0.0,-0.0015301390085369,0.0
15.29637336730957,0.009999990463256836,0.0,-0.0099999904632568,0.0,0.0,-0.0,0.0,0.0,0.0,0.0,0.0,-0.3517470359802246,0.0
15.395320415496826,0.009999990463256836,0.0,-0.0099999904632568,0.0,0.0,-0.0,0.0,0.0,0.0,0.0,0.0,-0.1686057448387146,0.0
15.495350360870361,0.009999990463256836,0.0,-0.0099999904632568,0.0,0.0,0.0,0.0,0.0,0.0,0.0,0.0,-0.0808191522955894,0.0
15.595868587493896,0.019999980926513672,0.0,-0.0199999809265136,0.0,0.0,-0.0,0.0,0.0,0.0,0.0,0.0,-0.0387396961450576,0.0
15.695876598358154,0.019999980926513672,0.0,-0.0199999809265136,0.0,0.0,-0.0,0.0,0.0,0.0,0.0,0.0,-0.0185694117099046,0.0
15.794421434402466,0.019999980926513672,0.0,-0.0199999809265136,0.0,0.0,0.0,0.0,0.0,0.0,0.0,0.0,-0.3599146008491516,0.0
15.897125720977783,0.029999971389770508,0.0,-0.0299999713897705,0.0,0.0,-0.0,0.0,0.0,0.0,0.0,0.0,-0.1725207716226577,0.0
15.994367361068726,0.029999971389770508,0.0,-0.0299999713897705,0.0,0.0,-0.0,0.0,0.0,0.0,0.0,0.0,-0.0826957747340202,0.0
16.099043607711792,0.04000002145767212,0.0,-0.0400000214576721,0.0,0.0,-0.0,0.0,0.0,0.0,0.0,0.0,-0.0826957747340202,0.0
16.19577932357788,0.04000002145767212,0.0,-0.0400000214576721,0.0,0.0,-0.0,0.0,0.0,0.0,0.0,0.0,-0.6393619775772095,0.0
16.29632568359375,0.04000002145767212,0.0,-0.0400000214576721,0.0,0.0,0.0,0.0,0.0,0.0,0.0,0.0,-0.3064705431461334,0.0
16.39688134193426,0.04000002145767212,0.0,-0.0400000214576721,0.0,0.0,0.0,0.0,0.0,0.0,0.0,0.0,-0.1469030082225799,0.0
16.498204231262264,0.050000011920928955,0.0,-0.0500000119209289,0.0,0.0,-0.0,0.0,0.0,0.0,0.0,0.0,-0.0704162046313285,0.0
16.599773168563843,0.050000011920928955,0.0,-0.0500000119209289,0.0,0.0,-0.0,0.0,0.0,0.0,0.0,0.0,-0.9466829299926758,0.0
16.698556184768677,0.050000011920928955,0.0,-0.0500000119209289,0.0,0.0,0.0,0.0,0.0,0.0,0.0,0.0,-0.4537811875343323,0.0
16.801066160202026,0.050000011920928955,0.0,-0.0500000119209289,0.0,0.0,0.0,0.0,0.0,0.0,0.0,0.0,-0.2175146043300628,0.0
16.895845651626587,0.050000011920928955,0.0,-0.0500000119209289,0.0,0.0,0.0,0.0,0.0,0.0,0.0,0.0,-0.1042630299925804,0.0
17.009244680404663,0.06000000238418579,0.0,-0.0600000023841857,0.0,0.0,-0.0,0.0,0.0,0.0,0.0,0.0,-0.4009908139705658,0.0
17.101174116134644,0.06000000238418579,0.0,-0.0600000023841857,0.0,0.0,-0.0,0.0,0.0,0.0,0.0,0.0,-0.7541264295578003,0.0
17.205766916275024,0.06000000238418579,0.0,-0.0600000023841857,0.0,0.0,0.0,0.0,0.0,0.0,0.0,0.0,-0.3614815175533294,0.0
17.30905508995056,0.06000000238418579,0.0,-0.0600000023841857,0.0,0.0,0.0,0.0,0.0,0.0,0.0,0.0,-0.4946866631507873,0.0
17.40745258331299,0.06000000238418579,0.0,-0.0600000023841857,0.0,0.0,0.0,0.0,0.0,0.0,0.0,0.0,-0.5881357192993164,0.0
17.510316371917725,0.06999999284744263,0.0,-0.0699999928474426,0.0,0.0,-0.0,0.0,0.0,0.0,0.0,0.0,-0.2819158434867859,0.0
17.615086317062378,0.06999999284744263,0.0,-0.0699999928474426,0.0,0.0,-0.0,0.0,0.0,0.0,0.0,0.0,-0.1351329982280731,0.0
17.716130495071468,0.06999999284744263,0.0,-0.0699999928474426,0.0,0.0,0.0,0.0,0.0,0.0,0.0,0.0,-0.4157879650592804,0.0
17.821178436279297,0.06999999284744263,0.0,-0.0699999928474426,0.0,0.0,0.0,0.0,0.0,0.0,0.0,0.0,-0.4157879650592804,0.0
17.921467781066895,0.06999999284744263,0.0,-0.0699999928474426,0.0,0.0,0.0,0.0,0.0,0.0,0.0,0.0,-0.4157879650592804,0.0
18.022533655166626,0.06999999284744263,0.0,-0.0699999928474426,0.0,0.0,0.0,0.0,0.0,0.0,0.0,0.0,-0.4157879650592804,0.0
18.337559938430786,0.06999999284744263,0.0,-0.0699999928474426,0.0,0.0,0.0,0.0,0.0,0.0,0.0,0.0,-0.7749345302581787,0.0
18.337587356567383,0.06999999284744263,0.0,-0.0699999928474426,0.0,0.0,0.0,0.0,0.0,0.0,0.0,0.0,-0.7749345302581787,0.0
18.33760666847229,0.06999999284744263,0.0,-0.0699999928474426,0.0,0.0,0.0,0.0,0.0,0.0,0.0,0.0,-0.7749345302581787,0.0
18.395432710647583,0.06999999284744263,0.0,-0.0699999928474426,0.0,0.0,0.0,0.0,0.0,0.0,0.0,0.0,-0.7749345302581787,0.0
18.496148586273137,0.06999999284744263,0.0,-0.0699999928474426,0.0,0.0,0.0,0.0,0.0,0.0,0.0,0.0,-0.7749345302581787,0.0
18.595199823379517,0.06999999284744263,0.0,-0.0699999928474426,0.0,0.0,0.0,0.0,0.0,0.0,0.0,0.0,-0.7749345302581787,0.0
18.695918321609497,0.06999999284744263,0.0,-0.0699999928474426,0.0,0.0,0.0,0.0,0.0,0.0,0.0,0.0,-0.726984977722168,0.0
18.79487419128418,0.06999999284744263,0.0,-0.0699999928474426,0.0,0.0,0.0,0.0,0.0,0.0,0.0,0.0,-0.6698864102363586,0.0
18.894968271255493,0.06999999284744263,0.0,-0.0699999928474426,0.0,0.0,0.0,0.0,0.0,0.0,0.0,0.0,-0.3211020529270172,0.0
18.995585203170776,0.06999999284744263,0.0,-0.0699999928474426,0.0,0.0,0.0,0.0,0.0,0.0,0.0,0.0,-0.153916448354721,0.0
19.095287084579468,0.06000000238418579,0.0,-0.0600000023841857,0.0,0.0,0.0,0.0,0.0,0.0,0.0,0.0,-0.0737780183553695,0.0
19.195735692977905,0.06000000238418579,0.0,-0.0600000023841857,0.0,0.0,0.0,0.0,0.0,0.0,0.0,0.0,-0.0353646129369735,0.0
19.29511332511902,0.06000000238418579,0.0,-0.0600000023841857,0.0,0.0,0.0,0.0,0.0,0.0,0.0,0.0,-0.6893799901008606,0.0
19.395289421081543,0.06000000238418579,0.0,-0.0600000023841857,0.0,0.0,0.0,0.0,0.0,0.0,0.0,0.0,-0.6518609523773193,0.0
19.495871782302856,0.050000011920928955,0.0,-0.0500000119209289,0.0,0.0,0.0,0.0,0.0,0.0,0.0,0.0,-0.6338765621185303,0.0
19.59616470336914,0.050000011920928955,0.0,-0.0500000119209289,0.0,0.0,0.0,0.0,0.0,0.0,0.0,0.0,-0.6252560019493103,0.0
19.694501876831055,0.050000011920928955,0.0,-0.0500000119209289,0.0,0.0,0.0,0.0,0.0,0.0,0.0,0.0,-0.6507226228713989,0.0
19.795551538467464,0.050000011920928955,0.0,-0.0500000119209289,0.0,0.0,0.0,0.0,0.0,0.0,0.0,0.0,-0.3119161427021026,0.0
19.89387583732605,0.04000002145767212,0.0,-0.0400000214576721,0.0,0.0,0.0,0.0,0.0,0.0,0.0,0.0,-0.1495132893323898,0.0
19.99732780456543,0.04000002145767212,1.0,0.959999978542328,0.0,0.0,0.0,0.0,0.0,0.0,0.0,0.0,6.45859956741333,0.0
20.092771291732788,0.04000002145767212,1.0,0.959999978542328,0.0,0.0,0.0,0.0,0.0,0.0,0.0,0.0,5.827837944030762,0.0
20.19552993774414,0.029999971389770508,1.0,0.9700000286102296,0.0,0.0,0.0,0.0,0.0,0.0,0.0,0.0,6.525259971618652,0.0
20.29790711402893,0.029999971389770508,1.0,0.9700000286102296,0.0,0.0,0.0,0.0,0.0,0.0,0.0,0.0,6.010980129241943,0.0
20.39485502243042,0.029999971389770508,1.0,0.9700000286102296,0.0,0.0,0.0,0.0,0.0,0.0,0.0,0.0,6.564620018005371,0.0
20.494954824447632,0.029999971389770508,1.0,0.9700000286102296,0.0,0.0,0.0,0.0,0.0,0.0,0.0,0.0,6.274447917938232,0.0
20.598018169403076,0.029999971389770508,1.0,0.9700000286102296,0.0,0.0,0.0,0.0,0.0,0.0,0.0,0.0,6.890707015991211,0.0
20.69544553756714,0.04000002145767212,1.0,0.959999978542328,0.0,0.0,-0.0,0.0,0.0,0.0,0.0,0.0,4.240575313568115,0.0
20.79704713821411,0.04000002145767212,1.0,0.959999978542328,0.0,0.0,-0.0,0.0,0.0,0.0,0.0,0.0,5.8964033126831055,0.0
20.896214485168457,0.06000000238418579,1.0,0.9399999976158142,0.0,0.0,-0.0,0.0,0.0,0.0,0.0,0.0,6.10551643371582,0.0
20.99551248550415,0.06999999284744263,1.0,0.9300000071525574,0.0,0.0,-0.0,0.0,0.0,0.0,0.0,0.0,6.27813196182251,0.0
21.097045421600342,0.0899999737739563,1.0,0.9100000262260436,0.0,0.0,-0.0,0.0,0.0,0.0,0.0,0.0,4.616567611694336,0.0
21.197514295578003,0.12000000476837158,1.0,0.8799999952316284,0.0,0.0,-0.0,0.0,0.0,0.0,0.0,0.0,5.085949897766113,0.0
21.299219369888306,0.13999998569488525,1.0,0.8600000143051147,0.0,0.0,-0.0,0.0,0.0,0.0,0.0,0.0,2.814509868621826,0.0
21.408435583114624,0.17000001668930054,1.0,0.8299999833106995,0.0,0.0,-0.0,0.0,0.0,0.0,0.0,0.0,4.154069900512695,0.0
21.511559009552002,0.1899999976158142,1.0,0.8100000023841858,0.0,0.0,-0.0,0.0,0.0,0.0,0.0,0.0,4.154069900512695,0.0
21.606071710586548,0.23000001907348633,1.0,0.7699999809265137,0.0,0.0,-0.0,0.0,0.0,0.0,0.0,0.0,4.256045341491699,0.0
21.7090744972229,0.25999999046325684,1.0,0.7400000095367432,0.0,0.0,-0.0,0.0,0.0,0.0,0.0,0.0,2.926015138626098,0.0
21.811129093170166,0.2900000214576721,1.0,0.7099999785423279,0.0,0.0,-0.0,0.0,0.0,0.0,0.0,0.0,2.707968235015869,0.0
21.917952060699463,0.3199999928474426,1.0,0.6800000071525574,0.0,0.0,-0.0,0.0,0.0,0.0,0.0,0.0,2.310115098953247,0.0
22.018248081207275,0.36000001430511475,1.0,0.6399999856948853,0.0,0.0,-0.0,0.0,0.0,0.0,0.0,0.0,2.310115098953247,0.0
22.121011495590267,0.3999999761581421,1.0,0.6000000238418579,0.0,0.0,-0.0,0.0,0.0,0.0,0.0,0.0,2.310115098953247,0.0
22.223861694335938,0.4399999976158142,1.0,0.5600000023841858,0.0,0.0,-0.0,0.0,0.0,0.0,0.0,0.0,2.310115098953247,0.0
22.53813409805298,0.48000001907348644,1.0,0.5199999809265137,0.0,0.0,-0.0,0.0,0.0,0.0,0.0,0.0,0.223655879497528,0.0
22.53815650939947,0.5,1.0,0.5,0.0,0.0,-0.0,0.0,0.0,0.0,0.0,0.0,0.223655879497528,0.0
22.53818988800049,0.5299999713897705,1.0,0.4700000286102295,0.0,0.0,-0.0,0.0,0.0,0.0,0.0,0.0,-0.4468067288398742,0.0
22.59522151947027,0.5700000524520874,1.0,0.4299999475479126,0.0,0.0,-0.0,0.0,0.0,0.0,0.0,0.0,0.3810776472091675,0.0
22.69530463218689,0.6100000143051147,1.0,0.3899999856948852,0.0,0.0,-0.0,0.0,0.0,0.0,0.0,0.0,0.2472184598445892,0.0
22.795107126235962,0.6399999856948853,1.0,0.3600000143051147,0.0,0.0,-0.0,0.0,0.0,0.0,0.0,0.0,-0.6819872856140137,0.0
22.89686942100525,0.6699999570846558,1.0,0.3300000429153442,0.0,0.0,-0.0,0.0,0.0,0.0,0.0,0.0,0.3581743538379669,0.0
22.998909950256348,0.7100000381469729,1.0,0.2899999618530273,0.0,0.0,-0.0,0.0,0.0,0.0,0.0,0.0,-1.0144668817520142,0.0
23.095393180847168,0.7400000095367432,1.0,0.2599999904632568,0.0,0.0,-0.0,0.0,0.0,0.0,0.0,0.0,-0.9010961055755616,0.0
23.195082902908325,0.7699999809265137,1.0,0.2300000190734863,0.0,0.0,-0.0,0.0,0.0,0.0,0.0,0.0,-0.9681873321533204,0.0
23.30074119567871,0.7999999523162842,1.0,0.2000000476837158,0.0,0.0,-0.0,0.0,0.0,0.0,0.0,0.0,-1.227611780166626,0.0
23.39627480506897,0.8300000429153442,1.0,0.1699999570846557,0.0,0.0,-0.0,0.0,0.0,0.0,0.0,0.0,-1.702977418899536,0.0
23.496314525604248,0.8600000143051147,1.0,0.1399999856948852,0.0,0.0,-0.0,0.0,0.0,0.0,0.0,0.0,-1.9308382272720337,0.0
23.60228419303894,0.8799999952316284,1.0,0.1200000047683715,0.0,0.0,-0.0,0.0,0.0,0.0,0.0,0.0,-1.143647313117981,0.0
23.69624567031866,0.8999999761581421,1.0,0.1000000238418579,0.0,0.0,-0.0,0.0,0.0,0.0,0.0,0.0,-1.250328540802002,0.0
23.794334888458252,0.9199999570846558,1.0,0.0800000429153442,0.0,0.0,-0.0,0.0,0.0,0.0,0.0,0.0,-1.7138663530349731,0.0
23.89967179298401,0.940000057220459,1.0,0.059999942779541,0.0,0.0,-0.0,0.0,0.0,0.0,0.0,0.0,-0.8471546769142151,0.0
24.00129771232605,0.940000057220459,1.0,0.059999942779541,0.0,0.0,-0.0,0.0,0.0,0.0,0.0,0.0,-0.7827203273773193,0.0
24.094844341278076,0.9500000476837158,1.0,0.0499999523162841,0.0,0.0,-0.0,0.0,0.0,0.0,0.0,0.0,-0.751834511756897,0.0
24.197771787643433,0.9500000476837158,1.0,0.0499999523162841,0.0,0.0,-0.0,0.0,0.0,0.0,0.0,0.0,-1.2989459037780762,0.0
24.292866706848145,0.9600000381469729,1.0,0.0399999618530273,0.0,0.0,-0.0,0.0,0.0,0.0,0.0,0.0,-1.2101837396621704,0.0
24.395841360092163,0.9700000286102295,1.0,0.0299999713897705,0.0,0.0,-0.0,0.0,0.0,0.0,0.0,0.0,-1.5186501741409302,0.0
24.49593472480774,0.9700000286102295,1.0,0.0299999713897705,0.0,0.0,-0.0,0.0,0.0,0.0,0.0,0.0,-1.0493617057800293,0.0
24.595224618911743,0.9700000286102295,1.0,0.0299999713897705,0.0,0.0,0.0,0.0,0.0,0.0,0.0,0.0,-1.4415620565414429,0.0
24.69506525993347,0.9800000190734863,1.0,0.0199999809265136,0.0,0.0,-0.0,0.0,0.0,0.0,0.0,0.0,-1.0124104022979736,0.0
24.7963604927063,0.9800000190734863,1.0,0.0199999809265136,0.0,0.0,-0.0,0.0,0.0,0.0,0.0,0.0,-0.4556881189346313,0.0
24.896238803863525,0.9800000190734863,1.0,0.0199999809265136,0.0,0.0,0.0,0.0,0.0,0.0,0.0,0.0,-0.2184286713600158,0.0
24.99734663963318,0.9900000095367432,1.0,0.0099999904632568,0.0,0.0,-0.0,0.0,0.0,0.0,0.0,0.0,-0.1047011762857437,0.0
25.097262382507324,0.9900000095367432,1.0,0.0099999904632568,0.0,0.0,-0.0,0.0,0.0,0.0,0.0,0.0,-0.0501872599124908,0.0
25.19600820541382,0.9900000095367432,1.0,0.0099999904632568,0.0,0.0,0.0,0.0,0.0,0.0,0.0,0.0,-0.0501872599124908,0.0
25.29687786102295,1.0,1.0,0.0,0.0,0.0,-0.0,0.0,0.0,0.0,0.0,0.0,-0.0115312756970524,0.0
25.398815155029297,1.0099999904632568,1.0,-0.0099999904632568,0.0,0.0,-0.0,0.0,0.0,0.0,0.0,0.0,-0.0055273794569075,0.0
25.506202697753906,1.0199999809265137,1.0,-0.0199999809265136,0.0,0.0,-0.0,0.0,0.0,0.0,0.0,0.0,-0.3536630570888519,0.0
25.601106882095337,1.0199999809265137,1.0,-0.0199999809265136,0.0,0.0,-0.0,0.0,0.0,0.0,0.0,0.0,-0.1695241779088974,0.0
25.705796241760254,1.0199999809265137,1.0,-0.0199999809265136,0.0,0.0,0.0,0.0,0.0,0.0,0.0,0.0,-0.0812593922019004,0.0
25.81020975112915,1.0099999904632568,1.0,-0.0099999904632568,0.0,0.0,0.0,0.0,0.0,0.0,0.0,0.0,-0.0389507226645946,0.0
25.907082080841064,1.0099999904632568,1.0,-0.0099999904632568,0.0,0.0,0.0,0.0,0.0,0.0,0.0,0.0,-0.0186705645173788,0.0
26.00942897796631,1.0099999904632568,1.0,-0.0099999904632568,0.0,0.0,0.0,0.0,0.0,0.0,0.0,0.0,-0.0089495126157999,0.0
26.11791539192194,1.0099999904632568,1.0,-0.0099999904632568,0.0,0.0,0.0,0.0,0.0,0.0,0.0,0.0,-0.355303406715393,0.0
26.220657110214233,1.0099999904632568,1.0,-0.0099999904632568,0.0,0.0,0.0,0.0,0.0,0.0,0.0,0.0,-0.355303406715393,0.0
26.316465854644775,1.0199999809265137,1.0,-0.0199999809265136,0.0,0.0,-0.0,0.0,0.0,0.0,0.0,0.0,-0.355303406715393,0.0
26.420909881591797,1.0199999809265137,1.0,-0.0199999809265136,0.0,0.0,-0.0,0.0,0.0,0.0,0.0,0.0,-0.355303406715393,0.0
26.52503514289856,1.0299999713897705,1.0,-0.0299999713897705,0.0,0.0,-0.0,0.0,0.0,0.0,0.0,0.0,-0.0187571607530117,0.0
26.62431049346924,1.0299999713897705,1.0,-0.0299999713897705,0.0,0.0,-0.0,0.0,0.0,0.0,0.0,0.0,-0.0187571607530117,0.0
26.695238828659058,1.0299999713897705,1.0,-0.0299999713897705,0.0,0.0,0.0,0.0,0.0,0.0,0.0,0.0,-0.0187571607530117,0.0
26.794710159301758,1.0299999713897705,1.0,-0.0299999713897705,0.0,0.0,0.0,0.0,0.0,0.0,0.0,0.0,-0.0187571607530117,0.0
26.895278930664062,1.0399999618530271,1.0,-0.0399999618530273,0.0,0.0,-0.0,0.0,0.0,0.0,0.0,0.0,-0.6015653610229492,0.0
26.999348402023315,1.0399999618530271,1.0,-0.0399999618530273,0.0,0.0,-0.0,0.0,0.0,0.0,0.0,0.0,-0.6393667459487915,0.0
27.09524941444397,1.0499999523162842,1.0,-0.0499999523162841,0.0,0.0,-0.0,0.0,0.0,0.0,0.0,0.0,-0.3064728379249573,0.0
27.195514678955078,1.059999942779541,1.0,-0.059999942779541,0.0,0.0,-0.0,0.0,0.0,0.0,0.0,0.0,-0.1469040960073471,0.0
27.300803661346436,1.059999942779541,1.0,-0.059999942779541,0.0,0.0,-0.0,0.0,0.0,0.0,0.0,0.0,-0.0704167261719703,0.0
27.395676136016846,1.0499999523162842,1.0,-0.0499999523162841,0.0,0.0,0.0,0.0,0.0,0.0,0.0,0.0,-1.268097996711731,0.0
27.4953556060791,1.0499999523162842,1.0,-0.0499999523162841,0.0,0.0,0.0,0.0,0.0,0.0,0.0,0.0,-0.6078476309776306,0.0
27.594691038131714,1.059999942779541,1.0,-0.059999942779541,0.0,0.0,-0.0,0.0,0.0,0.0,0.0,0.0,-0.2913645207881927,0.0
27.694676637649536,1.059999942779541,1.0,-0.059999942779541,0.0,0.0,-0.0,0.0,0.0,0.0,0.0,0.0,-0.1396621167659759,0.0
27.794917345046997,1.059999942779541,1.0,-0.059999942779541,0.0,0.0,0.0,0.0,0.0,0.0,0.0,0.0,-0.4179589450359344,0.0
27.894054651260376,1.059999942779541,1.0,-0.059999942779541,0.0,0.0,0.0,0.0,0.0,0.0,0.0,0.0,-0.762259840965271,0.0
27.99580454826355,1.059999942779541,1.0,-0.059999942779541,0.0,0.0,0.0,0.0,0.0,0.0,0.0,0.0,-0.3653801679611206,0.0
28.09388542175293,1.059999942779541,1.0,-0.059999942779541,0.0,0.0,0.0,0.0,0.0,0.0,0.0,0.0,-0.3653801679611206,0.0
28.196212768554688,1.059999942779541,1.0,-0.059999942779541,0.0,0.0,0.0,0.0,0.0,0.0,0.0,0.0,-0.910446286201477,0.0
28.295341730117798,1.0700000524520874,1.0,-0.0700000524520874,0.0,0.0,-0.0,0.0,0.0,0.0,0.0,0.0,-0.7578264474868774,0.0
28.395941495895386,1.0700000524520874,1.0,-0.0700000524520874,0.0,0.0,-0.0,0.0,0.0,0.0,0.0,0.0,-0.3632550835609436,0.0
28.49562978744507,1.059999942779541,1.0,-0.059999942779541,0.0,0.0,0.0,0.0,0.0,0.0,0.0,0.0,-0.5251355767250061,0.0
28.594611406326294,1.0700000524520874,1.0,-0.0700000524520874,0.0,0.0,0.0,0.0,0.0,0.0,0.0,0.0,-0.2517174780368805,0.0
28.69572114944458,1.0700000524520874,1.0,-0.0700000524520874,0.0,0.0,-0.0,0.0,0.0,0.0,0.0,0.0,-0.1206577718257904,0.0
28.79607129096985,1.0800000429153442,1.0,-0.0800000429153442,0.0,0.0,-0.0,0.0,0.0,0.0,0.0,0.0,-1.1426656246185305,0.0
28.894929885864258,1.0800000429153442,1.0,-0.0800000429153442,0.0,0.0,-0.0,0.0,0.0,0.0,0.0,0.0,-0.8691380023956299,0.0
28.995383262634277,1.0700000524520874,1.0,-0.0700000524520874,0.0,0.0,0.0,0.0,0.0,0.0,0.0,0.0,-0.7380257844924927,0.0
29.09629225730896,1.0700000524520874,1.0,-0.0700000524520874,0.0,0.0,0.0,0.0,0.0,0.0,0.0,0.0,-0.6751786470413208,0.0
29.197543144226017,1.059999942779541,1.0,-0.059999942779541,0.0,0.0,0.0,0.0,0.0,0.0,0.0,0.0,-0.3236388266086578,0.0
29.29622197151184,1.059999942779541,1.0,-0.059999942779541,0.0,0.0,0.0,0.0,0.0,0.0,0.0,0.0,-0.1551324129104614,0.0
29.39630365371704,1.059999942779541,1.0,-0.059999942779541,0.0,0.0,0.0,0.0,0.0,0.0,0.0,0.0,-0.0743608698248863,0.0
29.501919507980347,1.059999942779541,1.0,-0.059999942779541,0.0,0.0,0.0,0.0,0.0,0.0,0.0,0.0,-0.386657565832138,0.0
29.60155487060547,1.0499999523162842,1.0,-0.0499999523162841,0.0,0.0,0.0,0.0,0.0,0.0,0.0,0.0,-0.386657565832138,0.0
29.700639247894344,1.0499999523162842,1.0,-0.0499999523162841,0.0,0.0,0.0,0.0,0.0,0.0,0.0,0.0,-0.0888403728604316,0.0
29.798811435699463,1.0499999523162842,1.0,-0.0499999523162841,0.0,0.0,0.0,0.0,0.0,0.0,0.0,0.0,-0.0425845719873905,0.0
29.901711225509644,1.0499999523162842,1.0,-0.0499999523162841,0.0,0.0,0.0,0.0,0.0,0.0,0.0,0.0,-0.371425986289978,0.0
30.003079652786255,1.0499999523162842,1.0,-0.0499999523162841,0.0,0.0,0.0,0.0,0.0,0.0,0.0,0.0,-0.1780386120080948,0.0
30.106874465942326,1.0399999618530271,1.0,-0.0399999618530273,0.0,0.0,0.0,0.0,0.0,0.0,0.0,0.0,-0.0853406861424446,0.0
30.21123957633972,1.0499999523162842,1.0,-0.0499999523162841,0.0,0.0,0.0,0.0,0.0,0.0,0.0,0.0,-0.6028232574462891,0.0
30.31039071083063,1.0399999618530271,1.0,-0.0399999618530273,0.0,0.0,0.0,0.0,0.0,0.0,0.0,0.0,-0.6399697065353394,0.0
30.415025472641048,1.0399999618530271,1.0,-0.0399999618530273,0.0,0.0,0.0,0.0,0.0,0.0,0.0,0.0,-0.3067618608474731,0.0
30.517521619796753,1.0399999618530271,1.0,-0.0399999618530273,0.0,0.0,0.0,0.0,0.0,0.0,0.0,0.0,-0.1470426470041275,0.0
30.621596813201904,1.0299999713897705,1.0,-0.0299999713897705,0.0,0.0,0.0,0.0,0.0,0.0,0.0,0.0,-0.0704831406474113,0.0
30.726459503173828,1.0299999713897705,1.0,-0.0299999713897705,0.0,0.0,0.0,0.0,0.0,0.0,0.0,0.0,-0.3847988247871399,0.0
30.82588291168213,1.0199999809265137,1.0,-0.0199999809265136,0.0,0.0,0.0,0.0,0.0,0.0,0.0,0.0,-0.3847988247871399,0.0
30.89498329162592,1.0199999809265137,1.0,-0.0199999809265136,0.0,0.0,0.0,0.0,0.0,0.0,0.0,0.0,-0.3847988247871399,0.0
30.99583077430725,1.0099999904632568,1.0,-0.0099999904632568,0.0,0.0,0.0,0.0,0.0,0.0,0.0,0.0,-0.3847988247871399,0.0
31.095582962036133,1.0099999904632568,1.0,-0.0099999904632568,0.0,0.0,0.0,0.0,0.0,0.0,0.0,0.0,-0.0203142818063497,0.0
31.196477413177547,1.0099999904632568,1.0,-0.0099999904632568,0.0,0.0,0.0,0.0,0.0,0.0,0.0,0.0,-0.0097374087199568,0.0
31.302029132843018,1.0099999904632568,1.0,-0.0099999904632568,0.0,0.0,0.0,0.0,0.0,0.0,0.0,0.0,-0.3556810915470123,0.0
31.39517617225647,1.0,1.0,0.0,0.0,0.0,0.0,0.0,0.0,0.0,0.0,0.0,-0.170491486787796,0.0
31.495524883270264,1.0,1.0,0.0,0.0,0.0,0.0,0.0,0.0,0.0,0.0,0.0,-0.0817230641841888,0.0
31.595774173736572,0.9900000095367432,1.0,0.0099999904632568,0.0,0.0,0.0,0.0,0.0,0.0,0.0,0.0,-0.0391729772090911,0.0
31.697264909744263,0.9900000095367432,1.0,0.0099999904632568,0.0,0.0,0.0,0.0,0.0,0.0,0.0,0.0,0.3322364687919616,0.0
31.79503083229065,0.9900000095367432,1.0,0.0099999904632568,0.0,0.0,0.0,0.0,0.0,0.0,0.0,0.0,0.1592535972595214,0.0
31.894542694091854,0.9900000095367432,1.0,0.0099999904632568,0.0,0.0,0.0,0.0,0.0,0.0,0.0,0.0,0.0763363167643547,0.0
31.995022296905518,0.9900000095367432,1.0,0.0099999904632568,0.0,0.0,0.0,0.0,0.0,0.0,0.0,0.0,0.0365909039974212,0.0
32.09404087066656,0.9800000190734863,1.0,0.0199999809265136,0.0,0.0,0.0,0.0,0.0,0.0,0.0,0.0,0.0175394136458635,0.0
32.19503378868103,0.9800000190734863,1.0,0.0199999809265136,0.0,0.0,0.0,0.0,0.0,0.0,0.0,0.0,0.3594208657741546,0.0
32.29962611198425,0.9800000190734863,1.0,0.0199999809265136,0.0,0.0,0.0,0.0,0.0,0.0,0.0,0.0,0.1722841113805771,0.0
32.39417123794556,0.9700000286102295,1.0,0.0299999713897705,0.0,0.0,0.0,0.0,0.0,0.0,0.0,0.0,0.0825823321938514,0.0
32.494781494140625,0.9600000381469729,1.0,0.0399999618530273,0.0,0.0,0.0,0.0,0.0,0.0,0.0,0.0,0.6015011668205261,0.0
32.59434103965759,0.9600000381469729,1.0,0.0399999618530273,0.0,0.0,0.0,0.0,0.0,0.0,0.0,0.0,0.6393359899520874,0.0
32.695000410079956,0.9500000476837158,1.0,0.0499999523162841,0.0,0.0,0.0,0.0,0.0,0.0,0.0,0.0,0.3064580857753753,0.0
32.79519772529602,0.9500000476837158,1.0,0.0499999523162841,0.0,0.0,0.0,0.0,0.0,0.0,0.0,0.0,0.1468970328569412,0.0
32.89867544174194,0.940000057220459,1.0,0.059999942779541,0.0,0.0,0.0,0.0,0.0,0.0,0.0,0.0,0.0704133436083793,0.0
32.99542546272272,0.940000057220459,1.0,0.059999942779541,0.0,0.0,0.0,0.0,0.0,0.0,0.0,0.0,1.2680964469909668,0.0
33.09510135650635,0.940000057220459,1.0,0.059999942779541,0.0,0.0,0.0,0.0,0.0,0.0,0.0,0.0,0.6078469157218933,0.0
33.20443558692932,0.9299999475479126,1.0,0.0700000524520874,0.0,0.0,0.0,0.0,0.0,0.0,0.0,0.0,0.5318655967712402,0.0
33.294983386993465,0.9299999475479126,1.0,0.0700000524520874,0.0,0.0,0.0,0.0,0.0,0.0,0.0,0.0,0.60595703125,0.0
33.39618515968323,0.9299999475479126,1.0,0.0700000524520874,0.0,0.0,0.0,0.0,0.0,0.0,0.0,0.0,0.8523745536804199,0.0
33.50273156166077,0.9299999475479126,1.0,0.0700000524520874,0.0,0.0,0.0,0.0,0.0,0.0,0.0,0.0,0.970491886138916,0.0
33.59581780433655,0.9199999570846558,1.0,0.0800000429153442,0.0,0.0,0.0,0.0,0.0,0.0,0.0,0.0,1.2286087274551392,0.0
33.69497275352472,0.9199999570846558,1.0,0.0800000429153442,0.0,0.0,0.0,0.0,0.0,0.0,0.0,0.0,0.588918924331665,0.0
33.79553008079529,0.9199999570846558,1.0,0.0800000429153442,0.0,0.0,0.0,0.0,0.0,0.0,0.0,0.0,0.5227926969528198,0.0
33.89446401596075,0.9099999666213989,1.0,0.090000033378601,0.0,0.0,0.0,0.0,0.0,0.0,0.0,0.0,0.8421094417572021,0.0
34.00138187408447,0.9099999666213989,1.0,0.090000033378601,0.0,0.0,0.0,0.0,0.0,0.0,0.0,0.0,0.8421094417572021,0.0
34.09979438781738,0.9099999666213989,1.0,0.090000033378601,0.0,0.0,0.0,0.0,0.0,0.0,0.0,0.0,0.1934872716665268,0.0
34.20354604721075,0.8999999761581421,1.0,0.1000000238418579,0.0,0.0,0.0,0.0,0.0,0.0,0.0,0.0,1.096662163734436,0.0
34.303863525390625,0.8999999761581421,1.0,0.1000000238418579,0.0,0.0,0.0,0.0,0.0,0.0,0.0,0.0,1.096662163734436,0.0
34.40720629692072,0.8999999761581421,1.0,0.1000000238418579,0.0,0.0,0.0,0.0,0.0,0.0,0.0,0.0,1.096662163734436,0.0
34.50842022895813,0.8999999761581421,1.0,0.1000000238418579,0.0,0.0,0.0,0.0,0.0,0.0,0.0,0.0,1.096662163734436,0.0
34.61094093322754,0.8999999761581421,1.0,0.1000000238418579,0.0,0.0,0.0,0.0,0.0,0.0,0.0,0.0,0.6598835587501526,0.0
34.71471118927002,0.8999999761581421,1.0,0.1000000238418579,0.0,0.0,0.0,0.0,0.0,0.0,0.0,0.0,0.9692100882530212,0.0
34.81701397895813,0.8899999856948853,1.0,0.1100000143051147,0.0,0.0,0.0,0.0,0.0,0.0,0.0,0.0,1.0560942888259888,0.0
34.92049050331116,0.8899999856948853,1.0,0.1100000143051147,0.0,0.0,0.0,0.0,0.0,0.0,0.0,0.0,0.7467275857925415,0.0
35.020875453948975,0.8899999856948853,1.0,0.1100000143051147,0.0,0.0,0.0,0.0,0.0,0.0,0.0,0.0,1.143836259841919,0.0
35.125937938690186,0.8999999761581421,1.0,0.1000000238418579,0.0,0.0,-0.0,0.0,0.0,0.0,0.0,0.0,1.143836259841919,0.0
35.43427014350897,0.8999999761581421,1.0,0.1000000238418579,0.0,0.0,-0.0,0.0,0.0,0.0,0.0,0.0,0.8532339334487915,0.0
35.43428897857666,0.8999999761581421,1.0,0.1000000238418579,0.0,0.0,0.0,0.0,0.0,0.0,0.0,0.0,0.8532339334487915,0.0
35.43429446220392,0.8999999761581421,1.0,0.1000000238418579,0.0,0.0,0.0,0.0,0.0,0.0,0.0,0.0,0.8532339334487915,0.0
35.49600148200983,0.9099999666213989,1.0,0.090000033378601,0.0,0.0,-0.0,0.0,0.0,0.0,0.0,0.0,0.6494889259338379,0.0
35.59604573249817,0.9099999666213989,1.0,0.090000033378601,0.0,0.0,-0.0,0.0,0.0,0.0,0.0,0.0,-0.0100900530815124,0.0
35.70250749588013,0.9099999666213989,1.0,0.090000033378601,0.0,0.0,0.0,0.0,0.0,0.0,0.0,0.0,0.5866784453392029,0.0
35.79635453224182,0.9199999570846558,1.0,0.0800000429153442,0.0,0.0,-0.0,0.0,0.0,0.0,0.0,0.0,0.9341200590133668,0.0
35.894651889801025,0.9199999570846558,1.0,0.0800000429153442,0.0,0.0,-0.0,0.0,0.0,0.0,0.0,0.0,0.6882607340812683,0.0
35.99907803535467,0.9099999666213989,1.0,0.090000033378601,0.0,0.0,0.0,0.0,0.0,0.0,0.0,0.0,0.3595083355903625,0.0
36.09719395637512,0.9199999570846558,1.0,0.0800000429153442,0.0,0.0,0.0,0.0,0.0,0.0,0.0,0.0,0.4128274321556091,0.0
36.19396090507507,0.9199999570846558,1.0,0.0800000429153442,0.0,0.0,-0.0,0.0,0.0,0.0,0.0,0.0,0.4383853077888489,0.0
36.295918464660645,0.9299999475479126,1.0,0.0700000524520874,0.0,0.0,-0.0,0.0,0.0,0.0,0.0,0.0,0.801649808883667,0.0
36.395888566970825,0.9299999475479126,1.0,0.0700000524520874,0.0,0.0,-0.0,0.0,0.0,0.0,0.0,0.0,0.0628464519977569,0.0
36.49461078643799,0.940000057220459,1.0,0.059999942779541,0.0,0.0,-0.0,0.0,0.0,0.0,0.0,0.0,0.2706261277198791,0.0
36.59801912307745,0.940000057220459,1.0,0.059999942779541,0.0,0.0,-0.0,0.0,0.0,0.0,0.0,0.0,0.370222806930542,0.0
36.69522547721863,0.9500000476837158,1.0,0.0499999523162841,0.0,0.0,-0.0,0.0,0.0,0.0,0.0,0.0,0.7689769268035889,0.0
36.79531526565552,0.9600000381469729,1.0,0.0399999618530273,0.0,0.0,-0.0,0.0,0.0,0.0,0.0,0.0,0.0471850931644439,0.0
36.89889693260193,0.9700000286102295,1.0,0.0299999713897705,0.0,0.0,-0.0,0.0,0.0,0.0,0.0,0.0,-0.2987972199916839,0.0
36.994478702545166,0.9700000286102295,1.0,0.0299999713897705,0.0,0.0,-0.0,0.0,0.0,0.0,0.0,0.0,-0.1432248800992965,0.0
37.095945596694946,0.9800000190734863,1.0,0.0199999809265136,0.0,0.0,-0.0,0.0,0.0,0.0,0.0,0.0,-0.0686531364917755,0.0
37.19530725479126,0.9800000190734863,1.0,0.0199999809265136,0.0,0.0,-0.0,0.0,0.0,0.0,0.0,0.0,0.3181055188179016,0.0
37.295478820800724,0.9900000095367432,1.0,0.0099999904632568,0.0,0.0,-0.0,0.0,0.0,0.0,0.0,0.0,0.1524800956249237,0.0
37.39643907546997,0.9900000095367432,1.0,0.0099999904632568,0.0,0.0,-0.0,0.0,0.0,0.0,0.0,0.0,0.0730895176529884,0.0
37.49601507186895,0.9900000095367432,1.0,0.0099999904632568,0.0,0.0,0.0,0.0,0.0,0.0,0.0,0.0,0.0350345894694328,0.0
37.59890866279602,1.0,1.0,0.0,0.0,0.0,-0.0,0.0,0.0,0.0,0.0,0.0,0.0167934130877256,0.0
37.69682693481445,1.0,1.0,0.0,0.0,0.0,-0.0,0.0,0.0,0.0,0.0,0.0,0.0080497227609157,0.0
37.79706954956055,1.0099999904632568,1.0,-0.0099999904632568,0.0,0.0,-0.0,0.0,0.0,0.0,0.0,0.0,0.003858538577333,0.0
37.897427558898926,1.0199999809265137,1.0,-0.0199999809265136,0.0,0.0,-0.0,0.0,0.0,0.0,0.0,0.0,-0.3491640388965606,0.0
37.99448657035822,1.0199999809265137,1.0,-0.0199999809265136,0.0,0.0,-0.0,0.0,0.0,0.0,0.0,0.0,-0.167367622256279,0.0
38.09537887573242,1.0199999809265137,1.0,-0.0199999809265136,0.0,0.0,0.0,0.0,0.0,0.0,0.0,0.0,-0.0802256762981414,0.0
38.20057082176203,1.0299999713897705,1.0,-0.0299999713897705,0.0,0.0,-0.0,0.0,0.0,0.0,0.0,0.0,-0.0384552218019962,0.0
38.30019521713257,1.0299999713897705,1.0,-0.0299999713897705,0.0,0.0,-0.0,0.0,0.0,0.0,0.0,0.0,-0.3694466352462768,0.0
38.40100860595703,1.0399999618530271,1.0,-0.0399999618530273,0.0,0.0,-0.0,0.0,0.0,0.0,0.0,0.0,-0.3694466352462768,0.0
38.503329038619995,1.0399999618530271,1.0,-0.0399999618530273,0.0,0.0,-0.0,0.0,0.0,0.0,0.0,0.0,-0.3542337417602539,0.0
38.60501956939697,1.0499999523162842,1.0,-0.0499999523162841,0.0,0.0,-0.0,0.0,0.0,0.0,0.0,0.0,-0.1697977185249328,0.0
38.70792317390442,1.059999942779541,1.0,-0.059999942779541,0.0,0.0,-0.0,0.0,0.0,0.0,0.0,0.0,-0.1697977185249328,0.0
38.81222462654114,1.059999942779541,1.0,-0.059999942779541,0.0,0.0,-0.0,0.0,0.0,0.0,0.0,0.0,-0.2072677463293075,0.0
38.911592960357666,1.059999942779541,1.0,-0.059999942779541,0.0,0.0,0.0,0.0,0.0,0.0,0.0,0.0,-0.9826823472976683,0.0
39.015931129455566,1.0700000524520874,1.0,-0.0700000524520874,0.0,0.0,-0.0,0.0,0.0,0.0,0.0,0.0,-0.9826823472976683,0.0
39.121960163116455,1.0700000524520874,1.0,-0.0700000524520874,0.0,0.0,-0.0,0.0,0.0,0.0,0.0,0.0,-0.9826823472976683,0.0
39.43217992782593,1.0700000524520874,1.0,-0.0700000524520874,0.0,0.0,0.0,0.0,0.0,0.0,0.0,0.0,-0.1888784617185592,0.0
39.432204723358154,1.0700000524520874,1.0,-0.0700000524520874,0.0,0.0,0.0,0.0,0.0,0.0,0.0,0.0,-0.1888784617185592,0.0
39.43221306800842,1.0800000429153442,1.0,-0.0800000429153442,0.0,0.0,-0.0,0.0,0.0,0.0,0.0,0.0,-0.1888784617185592,0.0
39.49570393562317,1.0800000429153442,1.0,-0.0800000429153442,0.0,0.0,-0.0,0.0,0.0,0.0,0.0,0.0,-0.1888784617185592,0.0
39.59501934051514,1.0800000429153442,1.0,-0.0800000429153442,0.0,0.0,0.0,0.0,0.0,0.0,0.0,0.0,-0.6927165985107422,0.0
39.699925899505615,1.0800000429153442,1.0,-0.0800000429153442,0.0,0.0,0.0,0.0,0.0,0.0,0.0,0.0,-0.6534602642059326,0.0
39.79722285270691,1.090000033378601,1.0,-0.090000033378601,0.0,0.0,-0.0,0.0,0.0,0.0,0.0,0.0,-0.3132283985614776,0.0
39.89427852630615,1.090000033378601,1.0,-0.090000033378601,0.0,0.0,-0.0,0.0,0.0,0.0,0.0,0.0,-0.8225706815719604,0.0
39.99955511093145,1.090000033378601,1.0,-0.090000033378601,0.0,0.0,0.0,0.0,0.0,0.0,0.0,0.0,-1.128105640411377,0.0
40.09578561782837,1.100000023841858,1.0,-0.1000000238418579,0.0,0.0,-0.0,0.0,0.0,0.0,0.0,0.0,-0.8621588349342346,0.0
40.19510865211487,1.100000023841858,1.0,-0.1000000238418579,0.0,0.0,-0.0,0.0,0.0,0.0,0.0,0.0,-0.7346804141998291,0.0
40.29916906356817,1.100000023841858,1.0,-0.1000000238418579,0.0,0.0,0.0,0.0,0.0,0.0,0.0,0.0,-1.2189749479293823,0.0
40.394914627075195,1.090000033378601,1.0,-0.090000033378601,0.0,0.0,0.0,0.0,0.0,0.0,0.0,0.0,-0.9057159423828124,0.0
40.49543285369873,1.100000023841858,1.0,-0.1000000238418579,0.0,0.0,0.0,0.0,0.0,0.0,0.0,0.0,-1.51897394657135,0.0
40.59637117385864,1.090000033378601,1.0,-0.090000033378601,0.0,0.0,0.0,0.0,0.0,0.0,0.0,0.0,-1.0495169162750244,0.0
40.695692539215145,1.090000033378601,1.0,-0.090000033378601,0.0,0.0,0.0,0.0,0.0,0.0,0.0,0.0,-0.8244882225990295,0.0
40.796650886535645,1.090000033378601,1.0,-0.090000033378601,0.0,0.0,0.0,0.0,0.0,0.0,0.0,0.0,-0.7166234254837036,0.0
40.89600110054016,1.0800000429153442,1.0,-0.0800000429153442,0.0,0.0,0.0,0.0,0.0,0.0,0.0,0.0,-0.6649197340011597,0.0
40.99572873115545,1.0800000429153442,1.0,-0.0800000429153442,0.0,0.0,0.0,0.0,0.0,0.0,0.0,0.0,-0.640136182308197,0.0
41.09562087059027,1.0800000429153442,1.0,-0.0800000429153442,0.0,0.0,0.0,0.0,0.0,0.0,0.0,0.0,-0.9792699813842772,0.0
41.19608736038202,1.0800000429153442,1.0,-0.0800000429153442,0.0,0.0,0.0,0.0,0.0,0.0,0.0,0.0,-1.203217625617981,0.0
41.298118114471436,1.0700000524520874,1.0,-0.0700000524520874,0.0,0.0,0.0,0.0,0.0,0.0,0.0,0.0,-0.898162841796875,0.0
41.39490532875067,1.0700000524520874,1.0,-0.0700000524520874,0.0,0.0,0.0,0.0,0.0,0.0,0.0,0.0,-0.7519384622573853,0.0
41.494819641113224,1.0700000524520874,1.0,-0.0700000524520874,0.0,0.0,0.0,0.0,0.0,0.0,0.0,0.0,-0.6818475723266602,0.0
41.59616494178772,1.059999942779541,1.0,-0.059999942779541,0.0,0.0,0.0,0.0,0.0,0.0,0.0,0.0,-0.6482503414154053,0.0
41.69418215751642,1.059999942779541,1.0,-0.059999942779541,0.0,0.0,0.0,0.0,0.0,0.0,0.0,0.0,-0.632145881652832,0.0
41.79761743545532,1.059999942779541,1.0,-0.059999942779541,0.0,0.0,0.0,0.0,0.0,0.0,0.0,0.0,-0.9754399657249452,0.0
41.89677095413208,1.0499999523162842,1.0,-0.0499999523162841,0.0,0.0,0.0,0.0,0.0,0.0,0.0,0.0,-0.7889803647994995,0.0
41.99816346168518,1.0399999618530271,1.0,-0.0399999618530273,0.0,0.0,0.0,0.0,0.0,0.0,0.0,0.0,-0.6996031999588013,0.0
42.09715700149536,1.0399999618530271,1.0,-0.0399999618530273,0.0,0.0,0.0,0.0,0.0,0.0,0.0,0.0,-0.3353464603424072,0.0
42.19986224174505,1.0299999713897705,1.0,-0.0299999713897705,0.0,0.0,0.0,0.0,0.0,0.0,0.0,0.0,-0.5117579102516174,0.0
42.295708894729614,1.0199999809265137,1.0,-0.0199999809265136,0.0,0.0,0.0,0.0,0.0,0.0,0.0,0.0,-0.245305061340332,0.0
42.39748358726507,1.0199999809265137,1.0,-0.0199999809265136,0.0,0.0,0.0,0.0,0.0,0.0,0.0,0.0,-0.1175840571522712,0.0
42.49782156944275,1.0099999904632568,1.0,-0.0099999904632568,0.0,0.0,0.0,0.0,0.0,0.0,0.0,0.0,-0.0563625171780586,0.0
42.59968042373657,1.0,1.0,0.0,0.0,0.0,0.0,0.0,0.0,0.0,0.0,0.0,-0.0270167011767625,0.0
42.70390605926514,1.0,1.0,0.0,0.0,0.0,0.0,0.0,0.0,0.0,0.0,0.0,-0.0270167011767625,0.0
42.804229497909546,0.9900000095367432,1.0,0.0099999904632568,0.0,0.0,0.0,0.0,0.0,0.0,0.0,0.0,-0.0062074922025203,0.0
42.908748388290405,0.9800000190734863,1.0,0.0199999809265136,0.0,0.0,0.0,0.0,0.0,0.0,0.0,0.0,0.3480380773544311,0.0
43.00767660140991,0.9800000190734863,1.0,0.0199999809265136,0.0,0.0,0.0,0.0,0.0,0.0,0.0,0.0,0.1668279021978378,0.0
43.11175704002386,0.9700000286102295,1.0,0.0299999713897705,0.0,0.0,0.0,0.0,0.0,0.0,0.0,0.0,0.0799669697880745,0.0
43.21349501609802,0.9600000381469729,1.0,0.0399999618530273,0.0,0.0,0.0,0.0,0.0,0.0,0.0,0.0,0.6002475023269653,0.0
43.319974422454834,0.9600000381469729,1.0,0.0399999618530273,0.0,0.0,0.0,0.0,0.0,0.0,0.0,0.0,0.6387350559234619,0.0
43.419877767562866,0.9500000476837158,1.0,0.0499999523162841,0.0,0.0,0.0,0.0,0.0,0.0,0.0,0.0,0.3061700463294983,0.0
43.51985239982605,0.9500000476837158,1.0,0.0499999523162841,0.0,0.0,0.0,0.0,0.0,0.0,0.0,0.0,0.3061700463294983,0.0
43.62204599380493,0.940000057220459,1.0,0.059999942779541,0.0,0.0,0.0,0.0,0.0,0.0,0.0,0.0,0.3061700463294983,0.0
43.93339538574219,0.9299999475479126,1.0,0.0700000524520874,0.0,0.0,0.0,0.0,0.0,0.0,0.0,0.0,1.1116081476211548,0.0
43.93339872360235,0.9299999475479126,1.0,0.0700000524520874,0.0,0.0,0.0,0.0,0.0,0.0,0.0,0.0,1.1116081476211548,0.0
43.93340182304382,0.9199999570846558,1.0,0.0800000429153442,0.0,0.0,0.0,0.0,0.0,0.0,0.0,0.0,1.1116081476211548,0.0
43.994707345962524,0.9099999666213989,1.0,0.090000033378601,0.0,0.0,0.0,0.0,0.0,0.0,0.0,0.0,0.8838497400283813,0.0
44.09397053718567,0.9099999666213989,1.0,0.090000033378601,0.0,0.0,0.0,0.0,0.0,0.0,0.0,0.0,0.9855791330337524,0.0
44.19733786582947,0.8999999761581421,1.0,0.1000000238418579,0.0,0.0,0.0,0.0,0.0,0.0,0.0,0.0,1.0343419313430786,0.0
44.29548978805542,0.8899999856948853,1.0,0.1100000143051147,0.0,0.0,0.0,0.0,0.0,0.0,0.0,0.0,1.0707980394363403,0.0
44.39601492881775,0.8899999856948853,1.0,0.1100000143051147,0.0,0.0,0.0,0.0,0.0,0.0,0.0,0.0,1.4875919818878174,0.0
44.49693727493286,0.8799999952316284,1.0,0.1200000047683715,0.0,0.0,0.0,0.0,0.0,0.0,0.0,0.0,0.9535608887672424,0.0
44.59581732749945,0.8799999952316284,1.0,0.1200000047683715,0.0,0.0,0.0,0.0,0.0,0.0,0.0,0.0,1.048593044281006,0.0
44.695783376693726,0.8799999952316284,1.0,0.1200000047683715,0.0,0.0,0.0,0.0,0.0,0.0,0.0,0.0,0.7431319952011108,0.0
44.79598593711853,0.8700000047683716,1.0,0.1299999952316284,0.0,0.0,0.0,0.0,0.0,0.0,0.0,0.0,1.5545140504837036,0.0
44.89468646049505,0.8700000047683716,1.0,0.1299999952316284,0.0,0.0,0.0,0.0,0.0,0.0,0.0,0.0,1.336652755737305,0.0
44.99563908576965,0.8700000047683716,1.0,0.1299999952316284,0.0,0.0,0.0,0.0,0.0,0.0,0.0,0.0,0.8812099695205688,0.0
45.0945188999176,0.8700000047683716,1.0,0.1299999952316284,0.0,0.0,0.0,0.0,0.0,0.0,0.0,0.0,0.6628988981246948,0.0
45.195284605026245,0.8600000143051147,1.0,0.1399999856948852,0.0,0.0,0.0,0.0,0.0,0.0,0.0,0.0,1.867068886756897,0.0
45.30290555953985,0.8600000143051147,1.0,0.1399999856948852,0.0,0.0,0.0,0.0,0.0,0.0,0.0,0.0,1.1354587078094482,0.0
45.394331216812134,0.8600000143051147,1.0,0.1399999856948852,0.0,0.0,0.0,0.0,0.0,0.0,0.0,0.0,0.7847700119018555,0.0
45.49652314186096,0.8600000143051147,1.0,0.1399999856948852,0.0,0.0,0.0,0.0,0.0,0.0,0.0,0.0,0.9676851630210876,0.0
45.599202156066895,0.8600000143051147,1.0,0.1399999856948852,0.0,0.0,0.0,0.0,0.0,0.0,0.0,0.0,1.6621509790420532,0.0
45.69432783126831,0.8600000143051147,1.0,0.1399999856948852,0.0,0.0,0.0,0.0,0.0,0.0,0.0,0.0,1.0372337102890017,0.0
45.80140876770025,0.8600000143051147,1.0,0.1399999856948852,0.0,0.0,0.0,0.0,0.0,0.0,0.0,0.0,1.0887006521224976,0.0
45.90214538574219,0.8600000143051147,1.0,0.1399999856948852,0.0,0.0,0.0,0.0,0.0,0.0,0.0,0.0,0.7623570561408997,0.0
45.99581742286682,0.8600000143051147,1.0,0.1399999856948852,0.0,0.0,0.0,0.0,0.0,0.0,0.0,0.0,1.5637294054031372,0.0
46.099234104156494,0.8700000047683716,1.0,0.1299999952316284,0.0,0.0,-0.0,0.0,0.0,0.0,0.0,0.0,1.3410700559616089,0.0
46.20000243186951,0.8700000047683716,1.0,0.1299999952316284,0.0,0.0,-0.0,0.0,0.0,0.0,0.0,0.0,0.8833273649215698,0.0
46.29702377319336,0.8799999952316284,1.0,0.1200000047683715,0.0,0.0,-0.0,0.0,0.0,0.0,0.0,0.0,0.6639138460159302,0.0
46.39794182777405,0.8799999952316284,1.0,0.1200000047683715,0.0,0.0,-0.0,0.0,0.0,0.0,0.0,0.0,1.3221555948257446,0.0
46.496895790100154,0.8899999856948853,1.0,0.1100000143051147,0.0,0.0,-0.0,0.0,0.0,0.0,0.0,0.0,1.4196608066558838,0.0
46.59740424156183,0.8899999856948853,1.0,0.1100000143051147,0.0,0.0,-0.0,0.0,0.0,0.0,0.0,0.0,0.9209988713264464,0.0
46.701096296310425,0.8999999761581421,1.0,0.1000000238418579,0.0,0.0,-0.0,0.0,0.0,0.0,0.0,0.0,1.0329848527908323,0.0
46.799643993377686,0.9099999666213989,1.0,0.090000033378601,0.0,0.0,-0.0,0.0,0.0,0.0,0.0,0.0,0.1737341582775116,0.0
46.90087962150574,0.9099999666213989,1.0,0.090000033378601,0.0,0.0,-0.0,0.0,0.0,0.0,0.0,0.0,0.3237788081169128,0.0
47.006903886795044,0.9199999570846558,1.0,0.0800000429153442,0.0,0.0,-0.0,0.0,0.0,0.0,0.0,0.0,1.1591159105300903,0.0
47.10417532920832,0.9299999475479126,1.0,0.0700000524520874,0.0,0.0,-0.0,0.0,0.0,0.0,0.0,0.0,0.7961097955703735,0.0
47.2068874835968,0.940000057220459,1.0,0.059999942779541,0.0,0.0,-0.0,0.0,0.0,0.0,0.0,0.0,0.0601909160614013,0.0
47.309711694717464,0.940000057220459,1.0,0.059999942779541,0.0,0.0,-0.0,0.0,0.0,0.0,0.0,0.0,-0.2925630211830139,0.0
47.4109947681427,0.9500000476837158,1.0,0.0499999523162841,0.0,0.0,-0.0,0.0,0.0,0.0,0.0,0.0,0.4512783885002136,0.0
47.514174938201904,0.9600000381469729,1.0,0.0399999618530273,0.0,0.0,-0.0,0.0,0.0,0.0,0.0,0.0,0.4568163156509399,0.0
47.618675231933594,0.9800000190734863,1.0,0.0199999809265136,0.0,0.0,-0.0,0.0,0.0,0.0,0.0,0.0,0.2189694494009018,0.0
47.72055745124817,0.9800000190734863,1.0,0.0199999809265136,0.0,0.0,-0.0,0.0,0.0,0.0,0.0,0.0,0.2189694494009018,0.0
48.02985620498657,0.9700000286102295,1.0,0.0299999713897705,0.0,0.0,0.0,0.0,0.0,0.0,0.0,0.0,-0.258803129196167,0.0
48.02985906600952,1.0099999904632568,1.0,-0.0099999904632568,0.0,0.0,-0.0,0.0,0.0,0.0,0.0,0.0,-0.258803129196167,0.0
48.029862642288265,1.0199999809265137,1.0,-0.0199999809265136,0.0,0.0,-0.0,0.0,0.0,0.0,0.0,0.0,-0.258803129196167,0.0
48.093533992767334,1.0299999713897705,1.0,-0.0299999713897705,0.0,0.0,-0.0,0.0,0.0,0.0,0.0,0.0,-0.1240541934967041,0.0
48.194687604904175,1.0399999618530271,1.0,-0.0399999618530273,0.0,0.0,-0.0,0.0,0.0,0.0,0.0,0.0,-0.0594638995826244,0.0
48.29541349411011,1.0499999523162842,1.0,-0.0499999523162841,0.0,0.0,-0.0,0.0,0.0,0.0,0.0,0.0,-0.5904195308685303,0.0
48.64283585548401,1.059999942779541,1.0,-0.059999942779541,0.0,0.0,-0.0,0.0,0.0,0.0,0.0,0.0,-0.6211577653884888,0.0
48.64286255836487,1.0700000524520874,1.0,-0.0700000524520874,0.0,0.0,-0.0,0.0,0.0,0.0,0.0,0.0,-0.6211577653884888,0.0
48.64289093017578,1.059999942779541,1.0,-0.059999942779541,0.0,0.0,0.0,0.0,0.0,0.0,0.0,0.0,-0.6211577653884888,0.0
48.700124979019165,1.0700000524520874,1.0,-0.0700000524520874,0.0,0.0,0.0,0.0,0.0,0.0,0.0,0.0,-0.6487581729888916,0.0
48.79682374000555,1.0700000524520874,1.0,-0.0700000524520874,0.0,0.0,-0.0,0.0,0.0,0.0,0.0,0.0,-0.6323893070220947,0.0
48.89487552642822,1.1100000143051147,1.0,-0.1100000143051147,0.0,0.0,-0.0,0.0,0.0,0.0,0.0,0.0,-0.7155296802520752,0.0
48.998626947402954,1.1100000143051147,1.0,-0.1100000143051147,0.0,0.0,-0.0,0.0,0.0,0.0,0.0,0.0,-1.560808777809143,0.0
49.09560585021973,1.1100000143051147,1.0,-0.1100000143051147,0.0,0.0,0.0,0.0,0.0,0.0,0.0,0.0,-1.0695698261260986,0.0
49.19579553604126,1.1200000047683716,1.0,-0.1200000047683715,0.0,0.0,-0.0,0.0,0.0,0.0,0.0,0.0,-0.8341003656387329,0.0
49.298988580703735,1.1100000143051147,1.0,-0.1100000143051147,0.0,0.0,0.0,0.0,0.0,0.0,0.0,0.0,-0.7212308645248413,0.0
49.396523237228394,1.1100000143051147,1.0,-0.1100000143051147,0.0,0.0,0.0,0.0,0.0,0.0,0.0,0.0,-1.0795296430587769,0.0
49.49539327621466,1.1200000047683716,1.0,-0.1200000047683715,0.0,0.0,-0.0,0.0,0.0,0.0,0.0,0.0,-1.3842742443084717,0.0
49.60053110122681,1.1399999856948853,1.0,-0.1399999856948852,0.0,0.0,-0.0,0.0,0.0,0.0,0.0,0.0,-1.3359637260437012,0.0
49.69562339782715,1.149999976158142,1.0,-0.1499999761581421,0.0,0.0,-0.0,0.0,0.0,0.0,0.0,0.0,-0.9617931246757508,0.0
49.794748306274414,1.149999976158142,1.0,-0.1499999761581421,0.0,0.0,-0.0,0.0,0.0,0.0,0.0,0.0,-1.1948403120040894,0.0
49.899986028671265,1.159999966621399,1.0,-0.1599999666213989,0.0,0.0,-0.0,0.0,0.0,0.0,0.0,0.0,-1.439547061920166,0.0
49.99593496322632,1.149999976158142,1.0,-0.1499999761581421,0.0,0.0,0.0,0.0,0.0,0.0,0.0,0.0,-1.0114445686340332,0.0
50.09393954277033,1.159999966621399,1.0,-0.1599999666213989,0.0,0.0,0.0,0.0,0.0,0.0,0.0,0.0,-1.7355308532714844,0.0
50.19650959968567,1.159999966621399,1.0,-0.1599999666213989,0.0,0.0,-0.0,0.0,0.0,0.0,0.0,0.0,-1.5657222270965576,0.0
50.29435515403742,1.159999966621399,1.0,-0.1599999666213989,0.0,0.0,0.0,0.0,0.0,0.0,0.0,0.0,-1.6173248291015625,0.0
50.398231983184814,1.1699999570846558,1.0,-0.1699999570846557,0.0,0.0,-0.0,0.0,0.0,0.0,0.0,0.0,-1.0966601371765137,0.0
50.49625706672663,1.159999966621399,1.0,-0.1599999666213989,0.0,0.0,0.0,0.0,0.0,0.0,0.0,0.0,-1.2594871520996094,0.0
50.59752535820007,1.149999976158142,1.0,-0.1499999761581421,0.0,0.0,0.0,0.0,0.0,0.0,0.0,0.0,-1.276148557662964,0.0
50.69563031196594,1.159999966621399,1.0,-0.1599999666213989,0.0,0.0,0.0,0.0,0.0,0.0,0.0,0.0,-1.4785212278366089,0.0
50.79588174819946,1.159999966621399,1.0,-0.1599999666213989,0.0,0.0,-0.0,0.0,0.0,0.0,0.0,0.0,-1.6084048748016355,0.0
50.895129442214966,1.159999966621399,1.0,-0.1599999666213989,0.0,0.0,0.0,0.0,0.0,0.0,0.0,0.0,-1.5047858953475952,0.0
50.99721193313593,1.159999966621399,1.0,-0.1599999666213989,0.0,0.0,0.0,0.0,0.0,0.0,0.0,0.0,-1.0427160263061523,0.0
51.10321021080017,1.149999976158142,1.0,-0.1499999761581421,0.0,0.0,0.0,0.0,0.0,0.0,0.0,0.0,-1.7176415920257568,0.0
51.2069616317749,1.1299999952316284,1.0,-0.1299999952316284,0.0,0.0,0.0,0.0,0.0,0.0,0.0,0.0,-1.1447458267211914,0.0
51.303144693374634,1.1200000047683716,1.0,-0.1200000047683715,0.0,0.0,0.0,0.0,0.0,0.0,0.0,0.0,-1.282536506652832,0.0
51.40766620635986,1.1299999952316284,1.0,-0.1299999952316284,0.0,0.0,0.0,0.0,0.0,0.0,0.0,0.0,-1.282536506652832,0.0
51.509623765945435,1.1299999952316284,1.0,-0.1299999952316284,0.0,0.0,-0.0,0.0,0.0,0.0,0.0,0.0,-0.7701631784439087,0.0
51.611969232559204,1.1200000047683716,1.0,-0.1200000047683715,0.0,0.0,0.0,0.0,0.0,0.0,0.0,0.0,-1.23598313331604,0.0
51.71278190612793,1.1200000047683716,1.0,-0.1200000047683715,0.0,0.0,0.0,0.0,0.0,0.0,0.0,0.0,-1.677283525466919,0.0
51.81988549232483,1.1200000047683716,1.0,-0.1200000047683715,0.0,0.0,0.0,0.0,0.0,0.0,0.0,0.0,-1.1254007816314695,0.0
51.91626715660095,1.090000033378601,1.0,-0.090000033378601,0.0,0.0,0.0,0.0,0.0,0.0,0.0,0.0,-1.1254007816314695,0.0
52.230647563934326,1.0800000429153442,1.0,-0.0800000429153442,0.0,0.0,0.0,0.0,0.0,0.0,0.0,0.0,-0.3747943639755249,0.0
52.2306592464447,1.0700000524520874,1.0,-0.0700000524520874,0.0,0.0,0.0,0.0,0.0,0.0,0.0,0.0,-0.3747943639755249,0.0
52.23069024085993,1.059999942779541,1.0,-0.059999942779541,0.0,0.0,0.0,0.0,0.0,0.0,0.0,0.0,-0.3747943639755249,0.0
52.293776750564575,1.0499999523162842,1.0,-0.0499999523162841,0.0,0.0,0.0,0.0,0.0,0.0,0.0,0.0,0.0608482062816619,0.0
52.43203115463257,1.0499999523162842,1.0,-0.0499999523162841,0.0,0.0,0.0,0.0,0.0,0.0,0.0,0.0,-0.6432614922523499,0.0
52.49513363838196,1.0399999618530271,1.0,-0.0399999618530273,0.0,0.0,0.0,0.0,0.0,0.0,0.0,0.0,-0.6297545433044434,0.0
52.59834051132202,1.0299999713897705,1.0,-0.0299999713897705,0.0,0.0,0.0,0.0,0.0,0.0,0.0,0.0,-0.6232801675796509,0.0
52.69971466064453,1.0199999809265137,1.0,-0.0199999809265136,0.0,0.0,0.0,0.0,0.0,0.0,0.0,0.0,-0.6201767325401306,0.0
52.79689311981201,1.0199999809265137,1.0,-0.0199999809265136,0.0,0.0,0.0,0.0,0.0,0.0,0.0,0.0,-0.2972743213176727,0.0
52.89502835273743,1.0099999904632568,1.0,-0.0099999904632568,0.0,0.0,0.0,0.0,0.0,0.0,0.0,0.0,-0.4935084581375122,0.0
52.99807953834534,1.0,1.0,0.0,0.0,0.0,0.0,0.0,0.0,0.0,0.0,0.0,-0.2365573942661285,0.0
53.096158027648926,0.9900000095367432,1.0,0.0099999904632568,0.0,0.0,0.0,0.0,0.0,0.0,0.0,0.0,-0.1133909672498703,0.0
53.19746184349066,0.9800000190734863,1.0,0.0199999809265136,0.0,0.0,0.0,0.0,0.0,0.0,0.0,0.0,0.2966609597206116,0.0
53.29912781715393,0.9800000190734863,1.0,0.0199999809265136,0.0,0.0,0.0,0.0,0.0,0.0,0.0,0.0,0.1422009021043777,0.0
53.40154623985296,0.9700000286102295,1.0,0.0299999713897705,0.0,0.0,0.0,0.0,0.0,0.0,0.0,0.0,0.0681623071432113,0.0
53.49529027938843,0.9600000381469729,1.0,0.0399999618530273,0.0,0.0,0.0,0.0,0.0,0.0,0.0,0.0,0.5945890545845032,0.0
53.59825038909912,0.9500000476837158,1.0,0.0499999523162841,0.0,0.0,0.0,0.0,0.0,0.0,0.0,0.0,0.6360227465629578,0.0
53.69563674926752,0.940000057220459,1.0,0.059999942779541,0.0,0.0,0.0,0.0,0.0,0.0,0.0,0.0,0.3048699200153351,0.0
53.79777622222906,0.9299999475479126,1.0,0.0700000524520874,0.0,0.0,0.0,0.0,0.0,0.0,0.0,0.0,0.4675505757331848,0.0
53.8942596912384,0.9299999475479126,1.0,0.0700000524520874,0.0,0.0,0.0,0.0,0.0,0.0,0.0,0.0,0.815629780292511,0.0
53.996941328048706,0.9099999666213989,1.0,0.090000033378601,0.0,0.0,0.0,0.0,0.0,0.0,0.0,0.0,1.3652801513671875,0.0
54.09310817718506,0.8999999761581421,1.0,0.1000000238418579,0.0,0.0,0.0,0.0,0.0,0.0,0.0,0.0,0.6544307470321655,0.0
54.19567346572876,0.8999999761581421,1.0,0.1000000238418579,0.0,0.0,0.0,0.0,0.0,0.0,0.0,0.0,0.3432923257350921,0.0
54.29420709609985,0.8899999856948853,1.0,0.1100000143051147,0.0,0.0,0.0,0.0,0.0,0.0,0.0,0.0,0.9504543542861938,0.0
54.398947954177856,0.8799999952316284,1.0,0.1200000047683715,0.0,0.0,0.0,0.0,0.0,0.0,0.0,0.0,0.6960904002189636,0.0
54.495633363723755,0.8700000047683716,1.0,0.1299999952316284,0.0,0.0,0.0,0.0,0.0,0.0,0.0,0.0,0.7756627798080444,0.0
54.60103511810303,0.8700000047683716,1.0,0.1299999952316284,0.0,0.0,0.0,0.0,0.0,0.0,0.0,0.0,0.6123061180114746,0.0
54.69591403007507,0.8600000143051147,1.0,0.1399999856948852,0.0,0.0,0.0,0.0,0.0,0.0,0.0,0.0,1.0794029235839844,0.0
54.796936511993465,0.8600000143051147,1.0,0.1399999856948852,0.0,0.0,0.0,0.0,0.0,0.0,0.0,0.0,1.1089138984680176,0.0
54.89836502075195,0.8500000238418579,1.0,0.1499999761581421,0.0,0.0,0.0,0.0,0.0,0.0,0.0,0.0,1.1844475269317627,0.0
54.998685121536255,0.8400000333786011,1.0,0.1599999666213989,0.0,0.0,0.0,0.0,0.0,0.0,0.0,0.0,1.1592657566070557,0.0
55.09483313560486,0.8400000333786011,1.0,0.1599999666213989,0.0,0.0,0.0,0.0,0.0,0.0,0.0,0.0,1.9198601245880127,0.0
55.199673652648926,0.8400000333786011,1.0,0.1599999666213989,0.0,0.0,0.0,0.0,0.0,0.0,0.0,0.0,1.1607635021209717,0.0
55.29670739173889,0.8300000429153442,1.0,0.1699999570846557,0.0,0.0,0.0,0.0,0.0,0.0,0.0,0.0,1.5603145360946655,0.0
55.402243852615356,0.8300000429153442,1.0,0.1699999570846557,0.0,0.0,0.0,0.0,0.0,0.0,0.0,0.0,0.9884195923805236,0.0
55.50447893142706,0.8300000429153442,1.0,0.1699999570846557,0.0,0.0,0.0,0.0,0.0,0.0,0.0,0.0,1.6107020378112793,0.0
55.603625059127864,0.8200000524520874,1.0,0.1799999475479126,0.0,0.0,0.0,0.0,0.0,0.0,0.0,0.0,2.7411417961120605,0.0
55.70666790008545,0.8200000524520874,1.0,0.1799999475479126,0.0,0.0,0.0,0.0,0.0,0.0,0.0,0.0,1.90544867515564,0.0
55.80933213233942,0.8200000524520874,1.0,0.1799999475479126,0.0,0.0,0.0,0.0,0.0,0.0,0.0,0.0,1.699255347251892,0.0
55.911874771118164,0.8200000524520874,1.0,0.1799999475479126,0.0,0.0,0.0,0.0,0.0,0.0,0.0,0.0,1.699255347251892,0.0
56.01583838462835,0.8200000524520874,1.0,0.1799999475479126,0.0,0.0,0.0,0.0,0.0,0.0,0.0,0.0,0.9144664406776428,0.0
56.11909079551697,0.8200000524520874,1.0,0.1799999475479126,0.0,0.0,0.0,0.0,0.0,0.0,0.0,0.0,1.802518367767334,0.0
56.21734881401062,0.8300000429153442,1.0,0.1699999570846557,0.0,0.0,-0.0,0.0,0.0,0.0,0.0,0.0,1.802518367767334,0.0
56.3232798576355,0.8300000429153442,1.0,0.1699999570846557,0.0,0.0,-0.0,0.0,0.0,0.0,0.0,0.0,1.802518367767334,0.0
56.42311215400696,0.8300000429153442,1.0,0.1699999570846557,0.0,0.0,0.0,0.0,0.0,0.0,0.0,0.0,1.802518367767334,0.0
56.739155530929565,0.8400000333786011,1.0,0.1599999666213989,0.0,0.0,-0.0,0.0,0.0,0.0,0.0,0.0,0.9983901381492616,0.0
56.739176988601685,0.8500000238418579,1.0,0.1499999761581421,0.0,0.0,-0.0,0.0,0.0,0.0,0.0,0.0,0.9983901381492616,0.0
56.73922371864313,0.8500000238418579,1.0,0.1499999761581421,0.0,0.0,-0.0,0.0,0.0,0.0,0.0,0.0,0.9983901381492616,0.0
56.79741954803467,0.8600000143051147,1.0,0.1399999856948852,0.0,0.0,-0.0,0.0,0.0,0.0,0.0,0.0,0.7190678119659424,0.0
56.89600157737732,0.8600000143051147,1.0,0.1399999856948852,0.0,0.0,-0.0,0.0,0.0,0.0,0.0,0.0,1.4815914630889893,0.0
57.002676010131836,0.8700000047683716,1.0,0.1299999952316284,0.0,0.0,-0.0,0.0,0.0,0.0,0.0,0.0,1.3630859851837158,0.0
57.09570598602295,0.8799999952316284,1.0,0.1200000047683715,0.0,0.0,-0.0,0.0,0.0,0.0,0.0,0.0,0.8938804268836975,0.0
57.19654035568237,0.8899999856948853,1.0,0.1100000143051147,0.0,0.0,-0.0,0.0,0.0,0.0,0.0,0.0,1.019985914230347,0.0
57.29632496833801,0.8999999761581421,1.0,0.1000000238418579,0.0,0.0,-0.0,0.0,0.0,0.0,0.0,0.0,0.1675032675266266,0.0
57.395925760269165,0.9099999666213989,1.0,0.090000033378601,0.0,0.0,-0.0,0.0,0.0,0.0,0.0,0.0,0.3207921087741852,0.0
57.49612998962402,0.9199999570846558,1.0,0.0800000429153442,0.0,0.0,-0.0,0.0,0.0,0.0,0.0,0.0,0.7452828884124756,0.0
57.59625554084778,0.9299999475479126,1.0,0.0700000524520874,0.0,0.0,-0.0,0.0,0.0,0.0,0.0,0.0,0.5977438688278198,0.0
57.70043063163757,0.940000057220459,1.0,0.059999942779541,0.0,0.0,-0.0,0.0,0.0,0.0,0.0,0.0,-0.0348934233188629,0.0
57.79485011100769,0.9500000476837158,1.0,0.0499999523162841,0.0,0.0,-0.0,0.0,0.0,0.0,0.0,0.0,-0.3381405770778656,0.0
57.89418816566467,0.9600000381469729,1.0,0.0399999618530273,0.0,0.0,-0.0,0.0,0.0,0.0,0.0,0.0,0.4294313490390777,0.0
58.00342798233032,0.9700000286102295,1.0,0.0299999713897705,0.0,0.0,-0.0,0.0,0.0,0.0,0.0,0.0,0.4463441967964172,0.0
58.09408450126648,0.9800000190734863,1.0,0.0199999809265136,0.0,0.0,-0.0,0.0,0.0,0.0,0.0,0.0,-0.1074650585651397,0.0
58.196792125701904,0.9900000095367432,1.0,0.0099999904632568,0.0,0.0,-0.0,0.0,0.0,0.0,0.0,0.0,-0.3729269206523895,0.0
58.300126552581844,1.0,1.0,0.0,0.0,0.0,-0.0,0.0,0.0,0.0,0.0,0.0,-0.5001729130744934,0.0
58.395432233810425,1.0199999809265137,1.0,-0.0199999809265136,0.0,0.0,-0.0,0.0,0.0,0.0,0.0,0.0,-0.9121803045272828,0.0
58.496066093444824,1.0299999713897705,1.0,-0.0299999713897705,0.0,0.0,-0.0,0.0,0.0,0.0,0.0,0.0,-0.4372427463531494,0.0
58.60612249374395,1.0399999618530271,1.0,-0.0399999618530273,0.0,0.0,-0.0,0.0,0.0,0.0,0.0,0.0,-0.2095870971679687,0.0
58.69724488258362,1.0499999523162842,1.0,-0.0499999523162841,0.0,0.0,-0.0,0.0,0.0,0.0,0.0,0.0,-0.6623793244361877,0.0
58.79592752456665,1.059999942779541,1.0,-0.059999942779541,0.0,0.0,-0.0,0.0,0.0,0.0,0.0,0.0,-0.6685172319412231,0.0
58.90124821662903,1.0700000524520874,1.0,-0.0700000524520874,0.0,0.0,-0.0,0.0,0.0,0.0,0.0,0.0,-0.6418606042861938,0.0
58.997146129608154,1.0800000429153442,1.0,-0.0800000429153442,0.0,0.0,-0.0,0.0,0.0,0.0,0.0,0.0,-0.6290830373764038,0.0
59.09655570983887,1.0800000429153442,1.0,-0.0800000429153442,0.0,0.0,-0.0,0.0,0.0,0.0,0.0,0.0,-1.3863732814788818,0.0
59.2023811340332,1.090000033378601,1.0,-0.090000033378601,0.0,0.0,-0.0,0.0,0.0,0.0,0.0,0.0,-0.9859563112258912,0.0
59.29547190666199,1.100000023841858,1.0,-0.1000000238418579,0.0,0.0,-0.0,0.0,0.0,0.0,0.0,0.0,-0.4726063907146454,0.0
59.39528703689575,1.1100000143051147,1.0,-0.1100000143051147,0.0,0.0,-0.0,0.0,0.0,0.0,0.0,0.0,-1.0933527946472168,0.0
59.49619221687317,1.1100000143051147,1.0,-0.1100000143051147,0.0,0.0,-0.0,0.0,0.0,0.0,0.0,0.0,-0.8455004692077637,0.0
59.59634518623352,1.1200000047683716,1.0,-0.1200000047683715,0.0,0.0,-0.0,0.0,0.0,0.0,0.0,0.0,-1.139096736907959,0.0
59.69908142089844,1.1200000047683716,1.0,-0.1200000047683715,0.0,0.0,-0.0,0.0,0.0,0.0,0.0,0.0,-1.2184407711029053,0.0
59.80217528343201,1.1299999952316284,1.0,-0.1299999952316284,0.0,0.0,-0.0,0.0,0.0,0.0,0.0,0.0,-0.9054598808288574,0.0
59.90596580505377,1.1299999952316284,1.0,-0.1299999952316284,0.0,0.0,-0.0,0.0,0.0,0.0,0.0,0.0,-1.3008360862731934,0.0
60.00830578804016,1.1299999952316284,1.0,-0.1299999952316284,0.0,0.0,0.0,0.0,0.0,0.0,0.0,0.0,-1.3573565483093262,0.0
60.11044096946716,1.1399999856948853,1.0,-0.1399999856948852,0.0,0.0,-0.0,0.0,0.0,0.0,0.0,0.0,-1.3573565483093262,0.0
60.2123236656189,1.1399999856948853,1.0,-0.1399999856948852,0.0,0.0,-0.0,0.0,0.0,0.0,0.0,0.0,-0.7873542308807373,0.0
60.32702684402466,1.149999976158142,1.0,-0.1499999761581421,0.0,0.0,-0.0,0.0,0.0,0.0,0.0,0.0,-1.5952370166778564,0.0
60.41811394691467,1.149999976158142,1.0,-0.1499999761581421,0.0,0.0,-0.0,0.0,0.0,0.0,0.0,0.0,-1.49847412109375,0.0
60.518004417419434,1.149999976158142,1.0,-0.1499999761581421,0.0,0.0,0.0,0.0,0.0,0.0,0.0,0.0,-1.0396904945373535,0.0
60.62103629112244,1.149999976158142,1.0,-0.1499999761581421,0.0,0.0,0.0,0.0,0.0,0.0,0.0,0.0,-0.8197780847549438,0.0
60.93465805053711,1.149999976158142,1.0,-0.1499999761581421,0.0,0.0,0.0,0.0,0.0,0.0,0.0,0.0,-0.8197780847549438,0.0
60.93468189239502,1.149999976158142,1.0,-0.1499999761581421,0.0,0.0,0.0,0.0,0.0,0.0,0.0,0.0,-1.6886833906173706,0.0
60.93468618392944,1.1399999856948853,1.0,-0.1399999856948852,0.0,0.0,0.0,0.0,0.0,0.0,0.0,0.0,-1.6886833906173706,0.0
60.99685597419739,1.1399999856948853,1.0,-0.1399999856948852,0.0,0.0,0.0,0.0,0.0,0.0,0.0,0.0,-0.8634815216064453,0.0
61.09605574607855,1.1399999856948853,1.0,-0.1399999856948852,0.0,0.0,0.0,0.0,0.0,0.0,0.0,0.0,-1.2807141542434692,0.0
61.19575238227844,1.1399999856948853,1.0,-0.1399999856948852,0.0,0.0,0.0,0.0,0.0,0.0,0.0,0.0,-1.3477113246917725,0.0
61.29780650138855,1.1299999952316284,1.0,-0.1299999952316284,0.0,0.0,0.0,0.0,0.0,0.0,0.0,0.0,-0.967424213886261,0.0
61.403865575790405,1.1299999952316284,1.0,-0.1299999952316284,0.0,0.0,0.0,0.0,0.0,0.0,0.0,0.0,-1.136151671409607,0.0
61.49909853935242,1.1299999952316284,1.0,-0.1299999952316284,0.0,0.0,0.0,0.0,0.0,0.0,0.0,0.0,-0.866015613079071,0.0
62.42857885360712,1.1200000047683716,1.0,-0.1200000047683715,0.0,0.0,0.0,0.0,0.0,0.0,0.0,0.0,-1.6943303346633911,0.0
62.46380972862244,1.0700000524520874,1.0,-0.0700000524520874,0.0,0.0,0.0,0.0,0.0,0.0,0.0,0.0,-1.1335718631744385,0.0
62.56746768951416,1.059999942779541,1.0,-0.059999942779541,0.0,0.0,0.0,0.0,0.0,0.0,0.0,0.0,-1.1335718631744385,0.0
62.87606120109558,1.0499999523162842,1.0,-0.0499999523162841,0.0,0.0,0.0,0.0,0.0,0.0,0.0,0.0,-0.866478443145752,0.0
62.876070499420166,1.0399999618530271,1.0,-0.0399999618530273,0.0,0.0,0.0,0.0,0.0,0.0,0.0,0.0,-0.866478443145752,0.0
62.87608861923218,1.0399999618530271,1.0,-0.0399999618530273,0.0,0.0,0.0,0.0,0.0,0.0,0.0,0.0,-0.866478443145752,0.0
62.9394154548645,1.0299999713897705,1.0,-0.0299999713897705,0.0,0.0,0.0,0.0,0.0,0.0,0.0,0.0,-0.4153361022472381,0.0
63.042794942855835,1.0199999809265137,1.0,-0.0199999809265136,0.0,0.0,0.0,0.0,0.0,0.0,0.0,0.0,-0.1990864127874374,0.0
63.141167402267456,1.0099999904632568,1.0,-0.0099999904632568,0.0,0.0,0.0,0.0,0.0,0.0,0.0,0.0,-0.0954296961426734,0.0
63.23888278007507,1.0,1.0,0.0,0.0,0.0,0.0,0.0,0.0,0.0,0.0,0.0,-0.0457430854439735,0.0
63.34345889091492,0.9900000095367432,1.0,0.0099999904632568,0.0,0.0,0.0,0.0,0.0,0.0,0.0,0.0,-0.0219264030456542,0.0
63.44084882736206,0.9800000190734863,1.0,0.0199999809265136,0.0,0.0,0.0,0.0,0.0,0.0,0.0,0.0,0.3405034244060516,0.0
63.54044795036316,0.9700000286102295,1.0,0.0299999713897705,0.0,0.0,0.0,0.0,0.0,0.0,0.0,0.0,0.1632162630558014,0.0
63.64068961143494,0.9600000381469729,1.0,0.0399999618530273,0.0,0.0,0.0,0.0,0.0,0.0,0.0,0.0,0.6401520371437073,0.0
63.739670276641846,0.9500000476837158,1.0,0.0499999523162841,0.0,0.0,0.0,0.0,0.0,0.0,0.0,0.0,0.3068492412567138,0.0
63.83820462226862,0.940000057220459,1.0,0.059999942779541,0.0,0.0,0.0,0.0,0.0,0.0,0.0,0.0,0.498098075389862,0.0
63.94155478477478,0.9299999475479126,1.0,0.0700000524520874,0.0,0.0,0.0,0.0,0.0,0.0,0.0,0.0,0.5601722002029419,0.0
64.03951406478882,0.9199999570846558,1.0,0.0800000429153442,0.0,0.0,0.0,0.0,0.0,0.0,0.0,0.0,0.509013295173645,0.0
64.14019775390625,0.9099999666213989,1.0,0.090000033378601,0.0,0.0,0.0,0.0,0.0,0.0,0.0,0.0,1.5693206787109375,0.0
64.24042296409607,0.8999999761581421,1.0,0.1000000238418579,0.0,0.0,0.0,0.0,0.0,0.0,0.0,0.0,0.7522351741790771,0.0
64.33975958824152,0.8899999856948853,1.0,0.1100000143051147,0.0,0.0,0.0,0.0,0.0,0.0,0.0,0.0,0.5845599174499512,0.0
64.44075202941895,0.8799999952316284,1.0,0.1200000047683715,0.0,0.0,0.0,0.0,0.0,0.0,0.0,0.0,0.8717168569564819,0.0
64.54003477096552,0.8700000047683716,1.0,0.1299999952316284,0.0,0.0,0.0,0.0,0.0,0.0,0.0,0.0,1.0707498788833618,0.0
64.63871455192566,0.8600000143051147,1.0,0.1399999856948852,0.0,0.0,0.0,0.0,0.0,0.0,0.0,0.0,0.1918363571166992,0.0
64.73995327949524,0.8500000238418579,1.0,0.1499999761581421,0.0,0.0,0.0,0.0,0.0,0.0,0.0,0.0,1.2288693189620972,0.0
64.83915495872498,0.8500000238418579,1.0,0.1499999761581421,0.0,0.0,0.0,0.0,0.0,0.0,0.0,0.0,0.829545259475708,0.0
64.94811058044434,0.8400000333786011,1.0,0.1599999666213989,0.0,0.0,0.0,0.0,0.0,0.0,0.0,0.0,1.401548981666565,0.0
65.04367399215704,0.8300000429153442,1.0,0.1699999570846557,0.0,0.0,0.0,0.0,0.0,0.0,0.0,0.0,1.490595817565918,0.0
65.13933157920832,0.8300000429153442,1.0,0.1699999570846557,0.0,0.0,0.0,0.0,0.0,0.0,0.0,0.0,1.8514142036437988,0.0
65.24721026420593,0.8200000524520874,1.0,0.1799999475479126,0.0,0.0,0.0,0.0,0.0,0.0,0.0,0.0,1.540356159210205,0.0
65.34285783767706,0.809999942779541,1.0,0.1900000572204589,0.0,0.0,0.0,0.0,0.0,0.0,0.0,0.0,2.067755699157715,0.0
65.4413332939148,0.809999942779541,1.0,0.1900000572204589,0.0,0.0,0.0,0.0,0.0,0.0,0.0,0.0,2.793153762817383,0.0
65.55072283744812,0.7999999523162842,1.0,0.2000000476837158,0.0,0.0,0.0,0.0,0.0,0.0,0.0,0.0,1.4925601482391355,0.0
65.64650225639343,0.7999999523162842,1.0,0.2000000476837158,0.0,0.0,0.0,0.0,0.0,0.0,0.0,0.0,0.9559423327445984,0.0
65.74280762672424,0.7999999523162842,1.0,0.2000000476837158,0.0,0.0,0.0,0.0,0.0,0.0,0.0,0.0,1.6547683477401731,0.0
65.85813355445862,0.7899999618530271,1.0,0.2100000381469726,0.0,0.0,0.0,0.0,0.0,0.0,0.0,0.0,2.024374961853028,0.0
65.9461441040039,0.7899999618530271,1.0,0.2100000381469726,0.0,0.0,0.0,0.0,0.0,0.0,0.0,0.0,2.299764394760132,0.0
66.05391240119934,0.7899999618530271,1.0,0.2100000381469726,0.0,0.0,0.0,0.0,0.0,0.0,0.0,0.0,1.150376319885254,0.0
66.15014696121216,0.7899999618530271,1.0,0.2100000381469726,0.0,0.0,0.0,0.0,0.0,0.0,0.0,0.0,1.1429342031478882,0.0
66.2565553188324,0.7999999523162842,1.0,0.2000000476837158,0.0,0.0,-0.0,0.0,0.0,0.0,0.0,0.0,1.3666318655014038,0.0
66.35608148574835,0.7999999523162842,1.0,0.2000000476837158,0.0,0.0,-0.0,0.0,0.0,0.0,0.0,0.0,1.3666318655014038,0.0
66.46198177337646,0.7999999523162842,1.0,0.2000000476837158,0.0,0.0,0.0,0.0,0.0,0.0,0.0,0.0,1.511873483657837,0.0
66.56131291389465,0.7999999523162842,1.0,0.2000000476837158,0.0,0.0,0.0,0.0,0.0,0.0,0.0,0.0,1.316213607788086,0.0
66.66727113723755,0.809999942779541,1.0,0.1900000572204589,0.0,0.0,-0.0,0.0,0.0,0.0,0.0,0.0,2.732980728149414,0.0
66.97275042533875,0.809999942779541,1.0,0.1900000572204589,0.0,0.0,-0.0,0.0,0.0,0.0,0.0,0.0,2.732980728149414,0.0
66.97276329994202,0.809999942779541,1.0,0.1900000572204589,0.0,0.0,0.0,0.0,0.0,0.0,0.0,0.0,2.732980728149414,0.0
66.97276735305786,0.8200000524520874,1.0,0.1799999475479126,0.0,0.0,-0.0,0.0,0.0,0.0,0.0,0.0,1.9015367031097408,0.0
67.28406620025635,0.8200000524520874,1.0,0.1799999475479126,0.0,0.0,-0.0,0.0,0.0,0.0,0.0,0.0,1.0596582889556885,0.0
67.28409600257874,0.8300000429153442,1.0,0.1699999570846557,0.0,0.0,-0.0,0.0,0.0,0.0,0.0,0.0,1.0596582889556885,0.0
67.28415298461914,0.8400000333786011,1.0,0.1599999666213989,0.0,0.0,-0.0,0.0,0.0,0.0,0.0,0.0,1.0596582889556885,0.0
67.34118103981018,0.8500000238418579,1.0,0.1499999761581421,0.0,0.0,-0.0,0.0,0.0,0.0,0.0,0.0,1.2938358783721924,0.0
67.4402220249176,0.8600000143051147,1.0,0.1399999856948852,0.0,0.0,-0.0,0.0,0.0,0.0,0.0,0.0,1.624101161956787,0.0
67.5405786037445,0.8600000143051147,1.0,0.1399999856948852,0.0,0.0,-0.0,0.0,0.0,0.0,0.0,0.0,1.018994927406311,0.0
67.64162397384644,0.8700000047683716,1.0,0.1299999952316284,0.0,0.0,-0.0,0.0,0.0,0.0,0.0,0.0,0.7289444804191589,0.0
67.7395920753479,0.8799999952316284,1.0,0.1200000047683715,0.0,0.0,-0.0,0.0,0.0,0.0,0.0,0.0,0.9409258365631104,0.0
67.84287166595465,0.8899999856948853,1.0,0.1100000143051147,0.0,0.0,-0.0,0.0,0.0,0.0,0.0,0.0,1.6493241786956787,0.0
67.94077563285822,0.8999999761581421,1.0,0.1000000238418579,0.0,0.0,-0.0,0.0,0.0,0.0,0.0,0.0,0.4691690802574157,0.0
68.04701948165894,0.8999999761581421,1.0,0.1000000238418579,0.0,0.0,-0.0,0.0,0.0,0.0,0.0,0.0,0.8164055943489075,0.0
68.14148235321045,0.9099999666213989,1.0,0.090000033378601,0.0,0.0,-0.0,0.0,0.0,0.0,0.0,0.0,0.6318356990814209,0.0
68.24041461944586,0.9199999570846558,1.0,0.0800000429153442,0.0,0.0,-0.0,0.0,0.0,0.0,0.0,0.0,0.5433643460273743,0.0
68.34595084190363,0.9199999570846558,1.0,0.0800000429153442,0.0,0.0,-0.0,0.0,0.0,0.0,0.0,0.0,0.2900539636611938,0.0
68.44372248649597,0.9299999475479126,1.0,0.0700000524520874,0.0,0.0,-0.0,0.0,0.0,0.0,0.0,0.0,0.3795353174209595,0.0
68.53991866111755,0.9299999475479126,1.0,0.0700000524520874,0.0,0.0,-0.0,0.0,0.0,0.0,0.0,0.0,0.4224271476268768,0.0
68.64944338798523,0.940000057220459,1.0,0.059999942779541,0.0,0.0,-0.0,0.0,0.0,0.0,0.0,0.0,0.7940003871917725,0.0
68.73932933807373,0.9500000476837158,1.0,0.0499999523162841,0.0,0.0,-0.0,0.0,0.0,0.0,0.0,0.0,0.0591797828674316,0.0
68.84584927558905,0.9500000476837158,1.0,0.0499999523162841,0.0,0.0,-0.0,0.0,0.0,0.0,0.0,0.0,-0.293047696352005,0.0
68.94777297973633,0.9600000381469729,1.0,0.0399999618530273,0.0,0.0,-0.0,0.0,0.0,0.0,0.0,0.0,-0.4618837535381317,0.0
69.04193687438965,0.9600000381469729,1.0,0.0399999618530273,0.0,0.0,-0.0,0.0,0.0,0.0,0.0,0.0,0.3701165318489074,0.0
69.14048314094543,0.9700000286102295,1.0,0.0299999713897705,0.0,0.0,-0.0,0.0,0.0,0.0,0.0,0.0,0.4179123640060425,0.0
69.24555921554565,0.9800000190734863,1.0,0.0199999809265136,0.0,0.0,-0.0,0.0,0.0,0.0,0.0,0.0,-0.1210935115814209,0.0
69.33986639976507,0.9800000190734863,1.0,0.0199999809265136,0.0,0.0,-0.0,0.0,0.0,0.0,0.0,0.0,-0.0580447316169738,0.0
69.44165468215942,0.9900000095367432,1.0,0.0099999904632568,0.0,0.0,-0.0,0.0,0.0,0.0,0.0,0.0,-0.0278230495750904,0.0
69.54144024848938,1.0,1.0,0.0,0.0,0.0,-0.0,0.0,0.0,0.0,0.0,0.0,-0.0133366473019123,0.0
69.64203453063965,1.0,1.0,0.0,0.0,0.0,-0.0,0.0,0.0,0.0,0.0,0.0,-0.0063927629962563,0.0
69.74067640304565,1.0099999904632568,1.0,-0.0099999904632568,0.0,0.0,-0.0,0.0,0.0,0.0,0.0,0.0,-0.0030642948113381,0.0
69.84311318397522,1.0099999904632568,1.0,-0.0099999904632568,0.0,0.0,-0.0,0.0,0.0,0.0,0.0,0.0,-0.352482408285141,0.0
69.94624447822576,1.0199999809265137,1.0,-0.0199999809265136,0.0,0.0,-0.0,0.0,0.0,0.0,0.0,0.0,-0.1689582467079162,0.0
70.04197955131536,1.0199999809265137,0.0,-1.0199999809265137,0.0,0.0,-0.0,0.0,0.0,0.0,0.0,0.0,-7.436207294464111,0.0
70.14459967613226,1.0199999809265137,0.0,-1.0199999809265137,0.0,0.0,-0.0,0.0,0.0,0.0,0.0,0.0,-6.710055351257324,0.0
70.25311827659607,1.0299999713897705,0.0,-1.0299999713897705,0.0,0.0,-0.0,0.0,0.0,0.0,0.0,0.0,-6.710055351257324,0.0
70.36370944976807,1.0299999713897705,0.0,-1.0299999713897705,0.0,0.0,-0.0,0.0,0.0,0.0,0.0,0.0,-8.379385948181152,0.0
70.45419931411743,1.0299999713897705,0.0,-1.0299999713897705,0.0,0.0,0.0,0.0,0.0,0.0,0.0,0.0,-8.03970718383789,0.0
70.55942511558533,1.0199999809265137,0.0,-1.0199999809265137,0.0,0.0,0.0,0.0,0.0,0.0,0.0,0.0,-8.03970718383789,0.0
70.65678238868713,1.0099999904632568,0.0,-1.0099999904632568,0.0,0.0,0.0,0.0,0.0,0.0,0.0,0.0,-6.777244567871094,0.0
