time,meas,ref,error,pid_p,pid_i,pid_d,pid_pd,u
0.0,-0.019999980926513672,0.0,0.0199999809265136,0.179999828338623,-0.0,0.0,0.179999828338623,0.179999828338623
3.0279159517476728e-05,-0.009999990463256836,0.0,0.0099999904632568,0.0899999141693115,-0.0,-1.399998664855957,-1.3099987506866455,-1.3099987506866455
3.790855407714844e-05,0.0,0.0,0.0,0.0,-0.0,-1.399998664855957,-1.399998664855957,-1.399998664855957
0.06368136405950509,0.0,0.0,0.0,0.0,-0.0,0.0,0.0,0.0
0.16565346717834473,0.0,0.0,0.0,0.0,-0.0,0.0,0.0,0.0
0.264018297195463,0.009999990463256836,0.0,-0.0099999904632568,-0.0899999141693115,-0.0,-1.399998664855957,-1.4899985790252686,-1.4899985790252686
0.36722755432128906,0.019999980926513672,0.0,-0.0199999809265136,-0.179999828338623,-0.0,-1.399998664855957,-1.57999849319458,-1.57999849319458
0.46358776092529297,0.019999980926513672,0.0,-0.0199999809265136,-0.179999828338623,-0.0,0.0,-0.179999828338623,-0.179999828338623
0.5637850761413574,0.029999971389770508,0.0,-0.0299999713897705,-0.2699997425079345,-0.0,-1.399998664855957,-1.6699984073638916,-1.6699984073638916
0.6630280017852783,0.029999971389770508,0.0,-0.0299999713897705,-0.2699997425079345,-0.0,0.0,-0.2699997425079345,-0.2699997425079345
0.7650675773620605,0.03999996185302712,0.0,-0.0399999618530273,-0.3599996566772461,-0.0,-1.399998664855957,-1.7599983215332031,-1.7599983215332031
0.8632919788360596,0.03999996185302712,0.0,-0.0399999618530273,-0.3599996566772461,-0.0,0.0,-0.3599996566772461,-0.3599996566772461
0.9630241394042969,0.04999995231628418,0.0,-0.0499999523162841,-0.4499995708465576,-0.0,-1.399998664855957,-1.8499982357025144,-1.8499982357025144
1.0629878044128134,0.04999995231628418,0.0,-0.0499999523162841,-0.4499995708465576,-0.0,0.0,-0.4499995708465576,-0.4499995708465576
1.1627776622772217,0.059999942779541016,0.0,-0.059999942779541,-0.5399994850158691,-0.0,-1.399998664855957,-1.9399981498718264,-1.9399981498718264
1.263311862945585,0.059999942779541016,0.0,-0.059999942779541,-0.5399994850158691,-0.0,0.0,-0.5399994850158691,-0.5399994850158691
1.3633284568786905,0.059999942779541016,0.0,-0.059999942779541,-0.5399994850158691,-0.0,0.0,-0.5399994850158691,-0.5399994850158691
1.4640655517578125,0.059999942779541016,0.0,-0.059999942779541,-0.5399994850158691,-0.0,0.0,-0.5399994850158691,-0.5399994850158691
1.5632126331329346,0.0700000524520874,0.0,-0.0700000524520874,-0.6300004720687866,-0.0,-1.400015354156494,-2.0300158262252808,-2.0300158262252808
1.6639139652252197,0.059999942779541016,0.0,-0.059999942779541,-0.5399994850158691,-0.0,1.400015354156494,0.860015869140625,0.860015869140625
1.764445066451998,0.059999942779541016,0.0,-0.059999942779541,-0.5399994850158691,-0.0,0.0,-0.5399994850158691,-0.5399994850158691
1.8651046752929688,0.059999942779541016,0.0,-0.059999942779541,-0.5399994850158691,-0.0,0.0,-0.5399994850158691,-0.5399994850158691
1.9630012512207031,0.059999942779541016,0.0,-0.059999942779541,-0.5399994850158691,-0.0,0.0,-0.5399994850158691,-0.5399994850158691
2.0639996528625204,0.059999942779541016,0.0,-0.059999942779541,-0.5399994850158691,-0.0,0.0,-0.5399994850158691,-0.5399994850158691
2.1643004417419434,0.059999942779541016,0.0,-0.059999942779541,-0.5399994850158691,-0.0,0.0,-0.5399994850158691,-0.5399994850158691
2.265103578567505,0.059999942779541016,0.0,-0.059999942779541,-0.5399994850158691,-0.0,0.0,-0.5399994850158691,-0.5399994850158691
2.3631067276000977,0.04999995231628418,0.0,-0.0499999523162841,-0.4499995708465576,-0.0,1.399998664855957,0.9499990940093994,0.9499990940093994
2.463237047195463,0.04999995231628418,0.0,-0.0499999523162841,-0.4499995708465576,-0.0,0.0,-0.4499995708465576,-0.4499995708465576
2.5648050308227823,0.04999995231628418,0.0,-0.0499999523162841,-0.4499995708465576,-0.0,0.0,-0.4499995708465576,-0.4499995708465576
2.6640067100524902,0.04999995231628418,0.0,-0.0499999523162841,-0.4499995708465576,-0.0,0.0,-0.4499995708465576,-0.4499995708465576
2.763944625854492,0.03999996185302712,0.0,-0.0399999618530273,-0.3599996566772461,-0.0,1.399998664855957,1.039999008178711,1.039999008178711
2.863065719604492,0.03999996185302712,0.0,-0.0399999618530273,-0.3599996566772461,-0.0,0.0,-0.3599996566772461,-0.3599996566772461
2.9701950550079346,0.03999996185302712,0.0,-0.0399999618530273,-0.3599996566772461,-0.0,0.0,-0.3599996566772461,-0.3599996566772461
3.067938804626465,0.029999971389770508,0.0,-0.0299999713897705,-0.2699997425079345,-0.0,1.399998664855957,1.1299989223480225,1.1299989223480225
3.174381971359253,0.029999971389770508,0.0,-0.0299999713897705,-0.2699997425079345,-0.0,0.0,-0.2699997425079345,-0.2699997425079345
3.275732517242403,0.019999980926513672,0.0,-0.0199999809265136,-0.179999828338623,-0.0,1.399998664855957,1.219998836517334,1.219998836517334
3.3736910820007324,0.019999980926513672,0.0,-0.0199999809265136,-0.179999828338623,-0.0,0.0,-0.179999828338623,-0.179999828338623
3.475688219070406,0.009999990463256836,0.0,-0.0099999904632568,-0.0899999141693115,-0.0,1.399998664855957,1.3099987506866455,1.3099987506866455
3.5797502994537354,0.009999990463256836,0.0,-0.0099999904632568,-0.0899999141693115,-0.0,0.0,-0.0899999141693115,-0.0899999141693115
3.6895060539245605,0.0,0.0,0.0,0.0,-0.0,1.399998664855957,1.399998664855957,1.399998664855957
3.789187669754,0.0,0.0,0.0,0.0,-0.0,0.0,0.0,0.0
3.886759757995577,-0.009999990463256836,0.0,0.0099999904632568,0.0899999141693115,-0.0,1.399998664855957,1.4899985790252686,1.4899985790252686
3.989583253860445,-0.009999990463256836,0.0,0.0099999904632568,0.0899999141693115,-0.0,0.0,0.0899999141693115,0.0899999141693115
4.097779989242525,-0.019999980926513672,0.0,0.0199999809265136,0.179999828338623,-0.0,1.399998664855957,1.57999849319458,1.57999849319458
4.195267677307129,-0.019999980926513672,0.0,0.0199999809265136,0.179999828338623,-0.0,0.0,0.179999828338623,0.179999828338623
4.2630872726440145,-0.019999980926513672,0.0,0.0199999809265136,0.179999828338623,-0.0,0.0,0.179999828338623,0.179999828338623
4.362973690032959,-0.029999971389770508,0.0,0.0299999713897705,0.2699997425079345,-0.0,1.399998664855957,1.6699984073638916,1.6699984073638916
4.462865829467773,-0.029999971389770508,0.0,0.0299999713897705,0.2699997425079345,-0.0,0.0,0.2699997425079345,0.2699997425079345
4.562970399856567,-0.029999971389770508,0.0,0.0299999713897705,0.2699997425079345,-0.0,0.0,0.2699997425079345,0.2699997425079345
4.6653749942779825,-0.029999971389770508,0.0,0.0299999713897705,0.2699997425079345,-0.0,0.0,0.2699997425079345,0.2699997425079345
4.762948274612398,-0.03999996185302712,0.0,0.0399999618530273,0.3599996566772461,-0.0,1.399998664855957,1.7599983215332031,1.7599983215332031
4.8628423213959024,-0.03999996185302712,0.0,0.0399999618530273,0.3599996566772461,-0.0,0.0,0.3599996566772461,0.3599996566772461
4.963015317916842,-0.03999996185302712,0.0,0.0399999618530273,0.3599996566772461,-0.0,0.0,0.3599996566772461,0.3599996566772461
5.063028335571289,-0.03999996185302712,0.0,0.0399999618530273,0.3599996566772461,-0.0,0.0,0.3599996566772461,0.3599996566772461
5.163025140762329,-0.04999995231628418,0.0,0.0499999523162841,0.4499995708465576,-0.0,1.399998664855957,1.8499982357025144,1.8499982357025144
5.267335653305082,-0.03999996185302712,0.0,0.0399999618530273,0.3599996566772461,-0.0,-1.399998664855957,-1.039999008178711,-1.039999008178711
5.363027334213257,-0.04999995231628418,0.0,0.0499999523162841,0.4499995708465576,-0.0,1.399998664855957,1.8499982357025144,1.8499982357025144
5.464374303817721,-0.04999995231628418,0.0,0.0499999523162841,0.4499995708465576,-0.0,0.0,0.4499995708465576,0.4499995708465576
5.564484357833891,-0.04999995231628418,0.0,0.0499999523162841,0.4499995708465576,-0.0,0.0,0.4499995708465576,0.4499995708465576
5.664155006408691,-0.04999995231628418,0.0,0.0499999523162841,0.4499995708465576,-0.0,0.0,0.4499995708465576,0.4499995708465576
5.764672756195097,-0.03999996185302712,0.0,0.0399999618530273,0.3599996566772461,-0.0,-1.399998664855957,-1.039999008178711,-1.039999008178711
5.863275766372681,-0.03999996185302712,0.0,0.0399999618530273,0.3599996566772461,-0.0,0.0,0.3599996566772461,0.3599996566772461
5.963434696197481,-0.03999996185302712,0.0,0.0399999618530273,0.3599996566772461,-0.0,0.0,0.3599996566772461,0.3599996566772461
6.063775062561064,-0.029999971389770508,0.0,0.0299999713897705,0.2699997425079345,-0.0,-1.399998664855957,-1.1299989223480225,-1.1299989223480225
6.163005352020292,-0.029999971389770508,0.0,0.0299999713897705,0.2699997425079345,-0.0,0.0,0.2699997425079345,0.2699997425079345
6.26301693916318,-0.029999971389770508,0.0,0.0299999713897705,0.2699997425079345,-0.0,0.0,0.2699997425079345,0.2699997425079345
6.3631062507629395,-0.019999980926513672,0.0,0.0199999809265136,0.179999828338623,-0.0,-1.399998664855957,-1.219998836517334,-1.219998836517334
6.463317871093722,-0.019999980926513672,0.0,0.0199999809265136,0.179999828338623,-0.0,0.0,0.179999828338623,0.179999828338623
6.563338756561279,-0.019999980926513672,0.0,0.0199999809265136,0.179999828338623,-0.0,0.0,0.179999828338623,0.179999828338623
6.6635715961456015,-0.009999990463256836,0.0,0.0099999904632568,0.0899999141693115,-0.0,-1.399998664855957,-1.3099987506866455,-1.3099987506866455
6.762997150421143,0.0,0.0,0.0,0.0,-0.0,-1.399998664855957,-1.399998664855957,-1.399998664855957
6.863519191741943,0.0,0.0,0.0,0.0,-0.0,0.0,0.0,0.0
6.963130712509184,0.009999990463256836,0.0,-0.0099999904632568,-0.0899999141693115,-0.0,-1.399998664855957,-1.4899985790252686,-1.4899985790252686
7.063842535018921,0.019999980926513672,0.0,-0.0199999809265136,-0.179999828338623,-0.0,-1.399998664855957,-1.57999849319458,-1.57999849319458
7.168106555938721,0.019999980926513672,0.0,-0.0199999809265136,-0.179999828338623,-0.0,0.0,-0.179999828338623,-0.179999828338623
7.265429496765137,0.029999971389770508,0.0,-0.0299999713897705,-0.2699997425079345,-0.0,-1.399998664855957,-1.6699984073638916,-1.6699984073638916
7.366175413131742,0.029999971389770508,0.0,-0.0299999713897705,-0.2699997425079345,-0.0,0.0,-0.2699997425079345,-0.2699997425079345
7.472471952438383,0.03999996185302712,0.0,-0.0399999618530273,-0.3599996566772461,-0.0,-1.399998664855957,-1.7599983215332031,-1.7599983215332031
7.571236848831177,0.04999995231628418,0.0,-0.0499999523162841,-0.4499995708465576,-0.0,-1.399998664855957,-1.8499982357025144,-1.8499982357025144
7.674135446548462,0.04999995231628418,0.0,-0.0499999523162841,-0.4499995708465576,-0.0,0.0,-0.4499995708465576,-0.4499995708465576
7.776636123657198,0.059999942779541016,0.0,-0.059999942779541,-0.5399994850158691,-0.0,-1.399998664855957,-1.9399981498718264,-1.9399981498718264
7.880903720855741,0.059999942779541016,0.0,-0.059999942779541,-0.5399994850158691,-0.0,0.0,-0.5399994850158691,-0.5399994850158691
7.98589062690732,0.0700000524520874,0.0,-0.0700000524520874,-0.6300004720687866,-0.0,-1.400015354156494,-2.0300158262252808,-2.0300158262252808
8.08568549156189,0.0700000524520874,0.0,-0.0700000524520874,-0.6300004720687866,-0.0,0.0,-0.6300004720687866,-0.6300004720687866
8.185768842697144,0.08000004291534424,0.0,-0.0800000429153442,-0.7200003862380981,-0.0,-1.399998664855957,-2.119999051094055,-2.119999051094055
8.288257122039795,0.08000004291534424,0.0,-0.0800000429153442,-0.7200003862380981,-0.0,0.0,-0.7200003862380981,-0.7200003862380981
8.60242509841919,0.08000004291534424,0.0,-0.0800000429153442,-0.7200003862380981,-0.0,0.0,-0.7200003862380981,-0.7200003862380981
8.602437257766724,0.08000004291534424,0.0,-0.0800000429153442,-0.7200003862380981,-0.0,0.0,-0.7200003862380981,-0.7200003862380981
8.602441787719727,0.08000004291534424,0.0,-0.0800000429153442,-0.7200003862380981,-0.0,0.0,-0.7200003862380981,-0.7200003862380981
8.6629025936127,0.09000003337860107,0.0,-0.090000033378601,-0.8100003004074097,-0.0,-1.399998664855957,-2.2099989652633667,-2.2099989652633667
8.762964487075806,0.08000004291534424,0.0,-0.0800000429153442,-0.7200003862380981,-0.0,1.399998664855957,0.6799982786178589,0.6799982786178589
8.863044738769531,0.08000004291534424,0.0,-0.0800000429153442,-0.7200003862380981,-0.0,0.0,-0.7200003862380981,-0.7200003862380981
8.963054418563843,0.09000003337860107,0.0,-0.090000033378601,-0.8100003004074097,-0.0,-1.399998664855957,-2.2099989652633667,-2.2099989652633667
9.063032865524292,0.09000003337860107,0.0,-0.090000033378601,-0.8100003004074097,-0.0,0.0,-0.8100003004074097,-0.8100003004074097
9.163430213928251,0.09000003337860107,0.0,-0.090000033378601,-0.8100003004074097,-0.0,0.0,-0.8100003004074097,-0.8100003004074097
9.267022609710693,0.09000003337860107,0.0,-0.090000033378601,-0.8100003004074097,-0.0,0.0,-0.8100003004074097,-0.8100003004074097
9.366514444351196,0.09000003337860107,0.0,-0.090000033378601,-0.8100003004074097,-0.0,0.0,-0.8100003004074097,-0.8100003004074097
9.465336084365845,0.09000003337860107,0.0,-0.090000033378601,-0.8100003004074097,-0.0,0.0,-0.8100003004074097,-0.8100003004074097
9.563421249389648,0.08000004291534424,0.0,-0.0800000429153442,-0.7200003862380981,-0.0,1.399998664855957,0.6799982786178589,0.6799982786178589
9.663647174835205,0.08000004291534424,0.0,-0.0800000429153442,-0.7200003862380981,-0.0,0.0,-0.7200003862380981,-0.7200003862380981
9.762978315353394,0.08000004291534424,0.0,-0.0800000429153442,-0.7200003862380981,-0.0,0.0,-0.7200003862380981,-0.7200003862380981
9.863190412521362,0.08000004291534424,0.0,-0.0800000429153442,-0.7200003862380981,-0.0,0.0,-0.7200003862380981,-0.7200003862380981
9.963120937347412,0.08000004291534424,0.0,-0.0800000429153442,-0.7200003862380981,-0.0,0.0,-0.7200003862380981,-0.7200003862380981
10.063116788864136,0.0700000524520874,0.0,-0.0700000524520874,-0.6300004720687866,-0.0,1.399998664855957,0.7699981927871704,0.7699981927871704
10.163333415985079,0.0700000524520874,0.0,-0.0700000524520874,-0.6300004720687866,-0.0,0.0,-0.6300004720687866,-0.6300004720687866
10.263951778411894,0.0700000524520874,0.0,-0.0700000524520874,-0.6300004720687866,-0.0,0.0,-0.6300004720687866,-0.6300004720687866
10.36299753189084,0.059999942779541016,0.0,-0.059999942779541,-0.5399994850158691,-0.0,1.400015354156494,0.860015869140625,0.860015869140625
10.463439464569092,0.059999942779541016,0.0,-0.059999942779541,-0.5399994850158691,-0.0,0.0,-0.5399994850158691,-0.5399994850158691
10.563019990921049,0.059999942779541016,0.0,-0.059999942779541,-0.5399994850158691,-0.0,0.0,-0.5399994850158691,-0.5399994850158691
10.66295313835144,0.04999995231628418,0.0,-0.0499999523162841,-0.4499995708465576,-0.0,1.399998664855957,0.9499990940093994,0.9499990940093994
10.76365303993228,0.04999995231628418,0.0,-0.0499999523162841,-0.4499995708465576,-0.0,0.0,-0.4499995708465576,-0.4499995708465576
10.863542795181246,0.03999996185302712,0.0,-0.0399999618530273,-0.3599996566772461,-0.0,1.399998664855957,1.039999008178711,1.039999008178711
10.963604211807251,0.04999995231628418,0.0,-0.0499999523162841,-0.4499995708465576,-0.0,-1.399998664855957,-1.8499982357025144,-1.8499982357025144
11.063598155975342,0.03999996185302712,0.0,-0.0399999618530273,-0.3599996566772461,-0.0,1.399998664855957,1.039999008178711,1.039999008178711
11.163678169250488,0.029999971389770508,0.0,-0.0299999713897705,-0.2699997425079345,-0.0,1.399998664855957,1.1299989223480225,1.1299989223480225
11.266383409500122,0.029999971389770508,0.0,-0.0299999713897705,-0.2699997425079345,-0.0,0.0,-0.2699997425079345,-0.2699997425079345
11.363697290420532,0.029999971389770508,0.0,-0.0299999713897705,-0.2699997425079345,-0.0,0.0,-0.2699997425079345,-0.2699997425079345
11.464847803115845,0.019999980926513672,0.0,-0.0199999809265136,-0.179999828338623,-0.0,1.399998664855957,1.219998836517334,1.219998836517334
11.57012152671814,0.009999990463256836,0.0,-0.0099999904632568,-0.0899999141693115,-0.0,1.399998664855957,1.3099987506866455,1.3099987506866455
11.669193744659452,0.009999990463256836,0.0,-0.0099999904632568,-0.0899999141693115,-0.0,0.0,-0.0899999141693115,-0.0899999141693115
11.77140998840332,0.0,0.0,0.0,0.0,-0.0,1.399998664855957,1.399998664855957,1.399998664855957
11.876578330993652,0.0,0.0,0.0,0.0,-0.0,0.0,0.0,0.0
11.975553035736084,0.0,0.0,0.0,0.0,-0.0,0.0,0.0,0.0
12.079277515411377,0.0,0.0,0.0,0.0,-0.0,0.0,0.0,0.0
12.184219598770142,0.0,0.0,0.0,0.0,-0.0,0.0,0.0,0.0
12.285974264144897,-0.009999990463256836,0.0,0.0099999904632568,0.0899999141693115,-0.0,1.399998664855957,1.4899985790252686,1.4899985790252686
12.384074449539185,-0.009999990463256836,0.0,0.0099999904632568,0.0899999141693115,-0.0,0.0,0.0899999141693115,0.0899999141693115
12.488504886627197,-0.009999990463256836,0.0,0.0099999904632568,0.0899999141693115,-0.0,0.0,0.0899999141693115,0.0899999141693115
12.797964572906494,-0.019999980926513672,0.0,0.0199999809265136,0.179999828338623,-0.0,1.399998664855957,1.57999849319458,1.57999849319458
12.79797863960269,-0.019999980926513672,0.0,0.0199999809265136,0.179999828338623,-0.0,0.0,0.179999828338623,0.179999828338623
12.797983407974243,-0.019999980926513672,0.0,0.0199999809265136,0.179999828338623,-0.0,0.0,0.179999828338623,0.179999828338623
12.864093780517578,-0.019999980926513672,0.0,0.0199999809265136,0.179999828338623,-0.0,0.0,0.179999828338623,0.179999828338623
12.964524269104004,-0.019999980926513672,0.0,0.0199999809265136,0.179999828338623,-0.0,0.0,0.179999828338623,0.179999828338623
13.063830375671387,-0.029999971389770508,0.0,0.0299999713897705,0.2699997425079345,-0.0,1.399998664855957,1.6699984073638916,1.6699984073638916
13.16329836845398,-0.029999971389770508,0.0,0.0299999713897705,0.2699997425079345,-0.0,0.0,0.2699997425079345,0.2699997425079345
13.264450073242188,-0.03999996185302712,0.0,0.0399999618530273,0.3599996566772461,-0.0,1.399998664855957,1.7599983215332031,1.7599983215332031
13.362903833389282,-0.059999942779541016,0.0,0.059999942779541,0.5399994850158691,-0.0,2.799997329711914,3.339996814727783,3.339996814727783
13.463081359863281,-0.0700000524520874,0.0,0.0700000524520874,0.6300004720687866,-0.0,1.400015354156494,2.0300158262252808,2.0300158262252808
13.56372880935669,-0.08000004291534424,0.0,0.0800000429153442,0.7200003862380981,-0.0,1.399998664855957,2.119999051094055,2.119999051094055
13.662733554840088,-0.10000002384185791,0.0,0.1000000238418579,0.9000002145767212,-0.0,2.799997329711914,3.6999975442886353,3.6999975442886353
13.763284921646118,-0.11000001430511475,0.0,0.1100000143051147,0.9900001287460328,-0.0,1.399998664855957,2.3899987936019897,2.3899987936019897
13.863278865814209,-0.12000000476837158,0.0,0.1200000047683715,1.0800000429153442,-0.0,1.399998664855957,2.4799987077713013,2.4799987077713013
13.963018178939848,-0.12999999523162842,0.0,0.1299999952316284,1.1699999570846558,-0.0,1.399998664855957,2.569998621940613,2.569998621940613
14.062856197357178,-0.13999998569488525,0.0,0.1399999856948852,1.2599998712539673,-0.0,1.399998664855957,2.6599985361099243,2.6599985361099243
14.162924528121977,-0.13999998569488525,0.0,0.1399999856948852,1.2599998712539673,-0.0,0.0,1.2599998712539673,1.2599998712539673
14.263092994689941,-0.1499999761581421,0.0,0.1499999761581421,1.3499997854232788,-0.0,1.399998664855957,2.749998450279236,2.749998450279236
14.366122245788574,-0.1499999761581421,0.0,0.1499999761581421,1.3499997854232788,-0.0,0.0,1.3499997854232788,1.3499997854232788
14.462934017181396,-0.1499999761581421,0.0,0.1499999761581421,1.3499997854232788,-0.0,0.0,1.3499997854232788,1.3499997854232788
14.564540863037081,-0.1499999761581421,0.0,0.1499999761581421,1.3499997854232788,-0.0,0.0,1.3499997854232788,1.3499997854232788
14.66372036933899,-0.1499999761581421,0.0,0.1499999761581421,1.3499997854232788,-0.0,0.0,1.3499997854232788,1.3499997854232788
14.763995885848999,-0.1499999761581421,0.0,0.1499999761581421,1.3499997854232788,-0.0,0.0,1.3499997854232788,1.3499997854232788
14.863901376724243,-0.1499999761581421,0.0,0.1499999761581421,1.3499997854232788,-0.0,0.0,1.3499997854232788,1.3499997854232788
14.963388919830322,-0.13999998569488525,0.0,0.1399999856948852,1.2599998712539673,-0.0,-1.399998664855957,-0.1399987936019897,-0.1399987936019897
15.06596875190732,-0.13999998569488525,0.0,0.1399999856948852,1.2599998712539673,-0.0,0.0,1.2599998712539673,1.2599998712539673
15.163784503936768,-0.13999998569488525,0.0,0.1399999856948852,1.2599998712539673,-0.0,0.0,1.2599998712539673,1.2599998712539673
15.263622760772705,-0.12999999523162842,0.0,0.1299999952316284,1.1699999570846558,-0.0,-1.399998664855957,-0.2299987077713012,-0.2299987077713012
15.36459994316101,-0.12999999523162842,0.0,0.1299999952316284,1.1699999570846558,-0.0,0.0,1.1699999570846558,1.1699999570846558
15.463316917419462,-0.12000000476837158,0.0,0.1200000047683715,1.0800000429153442,-0.0,-1.399998664855957,-0.3199986219406128,-0.3199986219406128
15.563266515731812,-0.12000000476837158,0.0,0.1200000047683715,1.0800000429153442,-0.0,0.0,1.0800000429153442,1.0800000429153442
15.663358211517334,-0.11000001430511475,0.0,0.1100000143051147,0.9900001287460328,-0.0,-1.399998664855957,-0.4099985361099243,-0.4099985361099243
15.765783786773682,-0.10000002384185791,0.0,0.1000000238418579,0.9000002145767212,-0.0,-1.399998664855957,-0.4999984502792358,-0.4999984502792358
15.869949102401733,-0.10000002384185791,0.0,0.1000000238418579,0.9000002145767212,-0.0,0.0,0.9000002145767212,0.9000002145767212
15.968919038772583,-0.09000003337860107,0.0,0.090000033378601,0.8100003004074097,-0.0,-1.399998664855957,-0.5899983644485474,-0.5899983644485474
16.071287870407104,-0.08000004291534424,0.0,0.0800000429153442,0.7200003862380981,-0.0,-1.399998664855957,-0.6799982786178589,-0.6799982786178589
16.175553798675537,-0.0700000524520874,0.0,0.0700000524520874,0.6300004720687866,-0.0,-1.399998664855957,-0.7699981927871704,-0.7699981927871704
16.274755477905245,-0.059999942779541016,0.0,0.059999942779541,0.5399994850158691,-0.0,-1.400015354156494,-0.860015869140625,-0.860015869140625
16.377197742462158,-0.04999995231628418,0.0,0.0499999523162841,0.4499995708465576,-0.0,-1.399998664855957,-0.9499990940093994,-0.9499990940093994
16.48574471473694,-0.04999995231628418,0.0,0.0499999523162841,0.4499995708465576,-0.0,0.0,0.4499995708465576,0.4499995708465576
16.582615852355957,-0.03999996185302712,0.0,0.0399999618530273,0.3599996566772461,-0.0,-1.399998664855957,-1.039999008178711,-1.039999008178711
16.684718370437622,-0.029999971389770508,0.0,0.0299999713897705,0.2699997425079345,-0.0,-1.399998664855957,-1.1299989223480225,-1.1299989223480225
16.792877197265625,-0.019999980926513672,0.0,0.0199999809265136,0.179999828338623,-0.0,-1.399998664855957,-1.219998836517334,-1.219998836517334
16.89421820640561,-0.019999980926513672,0.0,0.0199999809265136,0.179999828338623,-0.0,0.0,0.179999828338623,0.179999828338623
17.204036235809326,-0.019999980926513672,0.0,0.0199999809265136,0.179999828338623,-0.0,0.0,0.179999828338623,0.179999828338623
17.20404863357544,-0.009999990463256836,0.0,0.0099999904632568,0.0899999141693115,-0.0,-1.399998664855957,-1.3099987506866455,-1.3099987506866455
17.204084634780884,-0.009999990463256836,0.0,0.0099999904632568,0.0899999141693115,-0.0,0.0,0.0899999141693115,0.0899999141693115
17.263115167617798,0.0,0.0,0.0,0.0,-0.0,-1.399998664855957,-1.399998664855957,-1.399998664855957
17.36334776878357,0.009999990463256836,0.0,-0.0099999904632568,-0.0899999141693115,-0.0,-1.399998664855957,-1.4899985790252686,-1.4899985790252686
17.462970972061157,0.009999990463256836,0.0,-0.0099999904632568,-0.0899999141693115,-0.0,0.0,-0.0899999141693115,-0.0899999141693115
17.56270289421076,0.009999990463256836,0.0,-0.0099999904632568,-0.0899999141693115,-0.0,0.0,-0.0899999141693115,-0.0899999141693115
17.662614583969088,0.019999980926513672,0.0,-0.0199999809265136,-0.179999828338623,-0.0,-1.399998664855957,-1.57999849319458,-1.57999849319458
17.762855291366577,0.019999980926513672,0.0,-0.0199999809265136,-0.179999828338623,-0.0,0.0,-0.179999828338623,-0.179999828338623
17.862741708755493,0.029999971389770508,0.0,-0.0299999713897705,-0.2699997425079345,-0.0,-1.399998664855957,-1.6699984073638916,-1.6699984073638916
17.963054418563843,0.029999971389770508,0.0,-0.0299999713897705,-0.2699997425079345,-0.0,0.0,-0.2699997425079345,-0.2699997425079345
18.063548803329496,0.03999996185302712,0.0,-0.0399999618530273,-0.3599996566772461,-0.0,-1.399998664855957,-1.7599983215332031,-1.7599983215332031
18.16287636756897,0.03999996185302712,0.0,-0.0399999618530273,-0.3599996566772461,-0.0,0.0,-0.3599996566772461,-0.3599996566772461
18.26698899269104,0.04999995231628418,0.0,-0.0499999523162841,-0.4499995708465576,-0.0,-1.399998664855957,-1.8499982357025144,-1.8499982357025144
18.364188194274902,0.04999995231628418,0.0,-0.0499999523162841,-0.4499995708465576,-0.0,0.0,-0.4499995708465576,-0.4499995708465576
18.46352458000186,0.04999995231628418,0.0,-0.0499999523162841,-0.4499995708465576,-0.0,0.0,-0.4499995708465576,-0.4499995708465576
18.563979625701904,0.04999995231628418,0.0,-0.0499999523162841,-0.4499995708465576,-0.0,0.0,-0.4499995708465576,-0.4499995708465576
18.66459584236148,0.059999942779541016,0.0,-0.059999942779541,-0.5399994850158691,-0.0,-1.399998664855957,-1.9399981498718264,-1.9399981498718264
18.763479232788086,0.059999942779541016,0.0,-0.059999942779541,-0.5399994850158691,-0.0,0.0,-0.5399994850158691,-0.5399994850158691
18.865242958068848,0.059999942779541016,0.0,-0.059999942779541,-0.5399994850158691,-0.0,0.0,-0.5399994850158691,-0.5399994850158691
18.962820768356323,0.059999942779541016,0.0,-0.059999942779541,-0.5399994850158691,-0.0,0.0,-0.5399994850158691,-0.5399994850158691
19.06499171257019,0.059999942779541016,0.0,-0.059999942779541,-0.5399994850158691,-0.0,0.0,-0.5399994850158691,-0.5399994850158691
19.162810564041138,0.059999942779541016,0.0,-0.059999942779541,-0.5399994850158691,-0.0,0.0,-0.5399994850158691,-0.5399994850158691
19.264056205749483,0.059999942779541016,0.0,-0.059999942779541,-0.5399994850158691,-0.0,0.0,-0.5399994850158691,-0.5399994850158691
19.36319136619568,0.059999942779541016,0.0,-0.059999942779541,-0.5399994850158691,-0.0,0.0,-0.5399994850158691,-0.5399994850158691
19.462948083877563,0.059999942779541016,0.0,-0.059999942779541,-0.5399994850158691,-0.0,0.0,-0.5399994850158691,-0.5399994850158691
19.56351089477539,0.059999942779541016,0.0,-0.059999942779541,-0.5399994850158691,-0.0,0.0,-0.5399994850158691,-0.5399994850158691
19.66363286972046,0.0700000524520874,0.0,-0.0700000524520874,-0.6300004720687866,-0.0,-1.400015354156494,-2.0300158262252808,-2.0300158262252808
19.763378858566284,0.0700000524520874,-1.0,-1.0700000524520874,-9.630000114440918,-0.0,-140.0,-149.63000011444092,-149.63000011444092
19.866082668304415,0.059999942779541016,-1.0,-1.059999942779541,-9.539999008178713,-0.0,1.400015354156494,-8.139983654022217,-8.139983654022217
19.965773582458496,0.059999942779541016,-1.0,-1.059999942779541,-9.539999008178713,-0.0,0.0,-9.539999008178713,-9.539999008178713
20.064595460891724,0.04999995231628418,-1.0,-1.0499999523162842,-9.449999809265137,-0.0,1.399998664855957,-8.05000114440918,-8.05000114440918
20.176799535751343,0.04999995231628418,-1.0,-1.0499999523162842,-9.449999809265137,-0.0,0.0,-9.449999809265137,-9.449999809265137
20.271058320999117,0.029999971389770508,-1.0,-1.0299999713897705,-9.269999504089355,-0.0,2.799997329711914,-6.470002174377441,-6.470002174377441
20.374302625656128,0.019999980926513672,-1.0,-1.0199999809265137,-9.18000030517578,-0.0,1.399998664855957,-7.780001640319824,-7.780001640319824
20.478428125381498,0.0,-1.0,-1.0,-9.0,-0.0,2.799997329711914,-6.200002670288086,-6.200002670288086
20.57668161392212,-0.019999980926513672,-1.0,-0.9800000190734864,-8.819999694824219,-0.0,2.799997329711914,-6.020002365112305,-6.020002365112305
20.686370611190796,-0.029999971389770508,-1.0,-0.9700000286102296,-8.730000495910645,-0.0,1.399998664855957,-7.330001831054687,-7.330001831054687
20.78208875656128,-0.04999995231628418,-1.0,-0.9500000476837158,-8.550000190734863,-0.0,2.799997329711914,-5.750002861022949,-5.750002861022949
20.885762691497803,-0.08000004291534424,-1.0,-0.9199999570846558,-8.279999732971191,-0.0,4.200012683868408,-4.079987049102783,-4.079987049102783
21.200525283813505,-0.11000001430511475,-1.0,-0.8899999856948853,-8.010000228881836,-0.0,4.199995994567871,-3.810004234313965,-3.810004234313965
21.200535774230957,-0.12999999523162842,-1.0,-0.8700000047683716,-7.829999923706055,-0.0,2.799997329711914,-5.030002593994141,-5.030002593994141
21.2005398273468,-0.1499999761581421,-1.0,-0.8500000238418579,-7.650000095367432,-0.0,2.799997329711914,-4.850002765655518,-4.850002765655518
21.514283657073975,-0.1799999475479126,-1.0,-0.8200000524520874,-7.380000591278076,-0.0,4.199995994567871,-3.180004596710205,-3.180004596710205
21.5143013000488,-0.20000004768371582,-1.0,-0.7999999523162842,-7.199999809265137,-0.0,2.800014019012451,-4.3999857902526855,-4.3999857902526855
21.514320611953735,-0.23000001907348633,-1.0,-0.7699999809265137,-6.929999828338623,-0.0,4.199995994567871,-2.730003833770752,-2.730003833770752
21.56287431716919,-0.25999999046325684,-1.0,-0.7400000095367432,-6.659999847412109,-0.0,4.199995994567871,-2.4600038528442383,-2.4600038528442383
21.663395881652804,-0.2899999618530271,-1.0,-0.7100000381469727,-6.390000343322754,-0.0,4.199995994567871,-2.190004348754883,-2.190004348754883
21.76289987564084,-0.3200000524520874,-1.0,-0.6799999475479126,-6.119999408721924,-0.0,4.200012683868408,-1.919986724853516,-1.919986724853516
21.86300349235532,-0.3500000238418579,-1.0,-0.6499999761581421,-5.849999904632568,-0.0,4.199995994567871,-1.6500039100646973,-1.6500039100646973
21.962997674942017,-0.3799999952316284,-1.0,-0.6200000047683716,-5.579999923706055,-0.0,4.199995994567871,-1.3800039291381836,-1.3800039291381836
22.066612243652344,-0.3999999761581421,-1.0,-0.6000000238418579,-5.400000095367432,-0.0,2.799997329711914,-2.6000027656555176,-2.6000027656555176
22.163119554519653,-0.4299999475479126,-1.0,-0.5700000524520874,-5.130000591278076,-0.0,4.199995994567871,-0.9300045967102052,-0.9300045967102052
22.26418113708496,-0.4600000381469729,-1.0,-0.5399999618530273,-4.859999656677246,-0.0,4.200012683868408,-0.6599869728088379,-0.6599869728088379
22.364299774169922,-0.49000000953674316,-1.0,-0.5099999904632568,-4.590000152587891,-0.0,4.199995994567871,-0.3900041580200195,-0.3900041580200195
22.463320016860962,-0.5199999809265136,-1.0,-0.4800000190734863,-4.320000171661377,-0.0,4.199995994567871,-0.1200041770935058,-0.1200041770935058
22.564057588577242,-0.540000021457672,-1.0,-0.4599999785423279,-4.139999866485596,-0.0,2.8000056743621826,-1.339994192123413,-1.339994192123413
22.66390872001648,-0.5699999928474426,-1.0,-0.4300000071525574,-3.870000123977661,-0.0,4.199995994567871,0.3299958705902099,0.3299958705902099
22.76450538635254,-0.6000000238418579,-1.0,-0.3999999761581421,-3.5999999046325684,-0.0,4.200004577636719,0.6000046730041504,0.6000046730041504
22.86299967765808,-0.6200000047683716,-1.0,-0.3799999952316284,-3.4200000762939453,-0.0,2.799997329711914,-0.6200027465820312,-0.6200027465820312
22.96290421485901,-0.6499999761581421,-1.0,-0.3500000238418579,-3.150000095367432,-0.0,4.199995994567871,1.0499958992004397,1.0499958992004397
23.064053535461454,-0.6800000071525574,-1.0,-0.3199999928474426,-2.879999876022339,-0.0,4.200004577636719,1.32000470161438,1.32000470161438
23.16292667388916,-0.699999988079071,-1.0,-0.3000000119209289,-2.700000047683716,-0.0,2.799997329711914,0.0999972820281982,0.0999972820281982
23.263902187347412,-0.7300000190734863,-1.0,-0.2699999809265136,-2.429999828338623,-0.0,4.200004577636719,1.7700047492980957,1.7700047492980957
23.363789558410645,-0.75,-1.0,-0.25,-2.25,-0.0,2.799997329711914,0.5499973297119141,0.5499973297119141
23.46505308151245,-0.7799999713897705,-1.0,-0.2200000286102295,-1.9800002574920652,-0.0,4.199995994567871,2.2199957370758057,2.2199957370758057
23.5628688335419,-0.800000011920929,-1.0,-0.199999988079071,-1.7999999523162842,-0.0,2.8000056743621826,1.0000057220458984,1.0000057220458984
23.662973403930692,-0.8100000023841858,-1.0,-0.1899999976158142,-1.7100000381469729,-0.0,1.399998664855957,-0.3100013732910156,-0.3100013732910156
23.76414442062378,-0.8299999833106995,-1.0,-0.1700000166893005,-1.5300002098083496,-0.0,2.799997329711914,1.2699971199035645,1.2699971199035645
23.863409519195585,-0.8600000143051147,-1.0,-0.1399999856948852,-1.2599998712539673,-0.0,4.200004577636719,2.9400047063827515,2.9400047063827515
23.965949058532686,-0.8700000047683716,-1.0,-0.1299999952316284,-1.1699999570846558,-0.0,1.399998664855957,0.2299987077713012,0.2299987077713012
24.064600229263277,-0.8899999856948853,-1.0,-0.1100000143051147,-0.9900001287460328,-0.0,2.799997329711914,1.8099972009658811,1.8099972009658811
24.164627552032442,-0.9100000262260437,-1.0,-0.0899999737739563,-0.8099997639656067,-0.0,2.8000056743621826,1.990005910396576,1.990005910396576
24.264645099639893,-0.9200000166893005,-1.0,-0.0799999833106994,-0.7199998497962952,-0.0,1.399998664855957,0.6799988150596619,0.6799988150596619
24.36611223220828,-0.9399999976158142,-1.0,-0.0600000023841857,-0.5400000214576721,-0.0,2.799997329711914,2.259997308254242,2.259997308254242
24.46775674819949,-0.949999988079071,-1.0,-0.0500000119209289,-0.4500001072883606,-0.0,1.399998664855957,0.9499985575675964,0.9499985575675964
24.56807804107669,-0.9599999785423279,-1.0,-0.0400000214576721,-0.3600001931190491,-0.0,1.399998664855957,1.039998471736908,1.039998471736908
24.67425847053528,-0.9700000286102295,-1.0,-0.0299999713897705,-0.2699997425079345,-0.0,1.4000070095062256,1.130007266998291,1.130007266998291
24.778788328170776,-0.9800000190734863,-1.0,-0.0199999809265136,-0.179999828338623,-0.0,1.399998664855957,1.219998836517334,1.219998836517334
24.88070034980774,-0.9900000095367432,-1.0,-0.0099999904632568,-0.0899999141693115,-0.0,1.399998664855957,1.3099987506866455,1.3099987506866455
24.98223876953125,-1.0,-1.0,0.0,0.0,-0.0,1.399998664855957,1.399998664855957,1.399998664855957
25.09021830558777,-1.0099999904632568,-1.0,0.0099999904632568,0.0899999141693115,-0.0,1.399998664855957,1.4899985790252686,1.4899985790252686
25.185947656631498,-1.0099999904632568,-1.0,0.0099999904632568,0.0899999141693115,-0.0,0.0,0.0899999141693115,0.0899999141693115
25.29174304008481,-1.020000010728836,-1.0,0.020000010728836,0.1800000965595245,-0.0,1.4000028371810913,1.5800029337406158,1.5800029337406158
25.5978364944458,-1.020000010728836,-1.0,0.020000010728836,0.1800000965595245,-0.0,0.0,0.1800000965595245,0.1800000965595245
25.59787654876709,-1.030000001192093,-1.0,0.0300000011920928,0.270000010728836,-0.0,1.399998664855957,1.669998675584793,1.669998675584793
25.59789228439334,-1.030000001192093,-1.0,0.0300000011920928,0.270000010728836,-0.0,0.0,0.270000010728836,0.270000010728836
25.66324520111081,-1.030000001192093,-1.0,0.0300000011920928,0.270000010728836,-0.0,0.0,0.270000010728836,0.270000010728836
25.76310634613037,-1.030000001192093,-1.0,0.0300000011920928,0.270000010728836,-0.0,0.0,0.270000010728836,0.270000010728836
25.86380672454834,-1.0399999916553497,-1.0,0.0399999916553497,0.3599999248981476,-0.0,1.399998664855957,1.7599985897541046,1.7599985897541046
25.9631826877594,-1.0399999916553497,-1.0,0.0399999916553497,0.3599999248981476,-0.0,0.0,0.3599999248981476,0.3599999248981476
26.064027786254883,-1.0399999916553497,-1.0,0.0399999916553497,0.3599999248981476,-0.0,0.0,0.3599999248981476,0.3599999248981476
26.16381812095642,-1.0399999916553497,-1.0,0.0399999916553497,0.3599999248981476,-0.0,0.0,0.3599999248981476,0.3599999248981476
26.263516664505005,-1.0399999916553497,-1.0,0.0399999916553497,0.3599999248981476,-0.0,0.0,0.3599999248981476,0.3599999248981476
26.36267423629758,-1.0399999916553497,-1.0,0.0399999916553497,0.3599999248981476,-0.0,0.0,0.3599999248981476,0.3599999248981476
26.463252067565918,-1.0399999916553497,-1.0,0.0399999916553497,0.3599999248981476,-0.0,0.0,0.3599999248981476,0.3599999248981476
26.562845468521118,-1.0399999916553497,-1.0,0.0399999916553497,0.3599999248981476,-0.0,0.0,0.3599999248981476,0.3599999248981476
26.66488242149353,-1.030000001192093,-1.0,0.0300000011920928,0.270000010728836,-0.0,-1.399998664855957,-1.129998654127121,-1.129998654127121
26.763032674789457,-1.030000001192093,-1.0,0.0300000011920928,0.270000010728836,-0.0,0.0,0.270000010728836,0.270000010728836
26.862890481948853,-1.030000001192093,-1.0,0.0300000011920928,0.270000010728836,-0.0,0.0,0.270000010728836,0.270000010728836
26.962894916534424,-1.030000001192093,-1.0,0.0300000011920928,0.270000010728836,-0.0,0.0,0.270000010728836,0.270000010728836
27.065234661102295,-1.030000001192093,-1.0,0.0300000011920928,0.270000010728836,-0.0,0.0,0.270000010728836,0.270000010728836
27.1631441116333,-1.030000001192093,-1.0,0.0300000011920928,0.270000010728836,-0.0,0.0,0.270000010728836,0.270000010728836
27.262815237045288,-1.020000010728836,-1.0,0.020000010728836,0.1800000965595245,-0.0,-1.399998664855957,-1.2199985682964325,-1.2199985682964325
27.3627872467041,-1.020000010728836,-1.0,0.020000010728836,0.1800000965595245,-0.0,0.0,0.1800000965595245,0.1800000965595245
27.462804317474365,-1.020000010728836,-1.0,0.020000010728836,0.1800000965595245,-0.0,0.0,0.1800000965595245,0.1800000965595245
27.562732219696017,-1.020000010728836,-1.0,0.020000010728836,0.1800000965595245,-0.0,0.0,0.1800000965595245,0.1800000965595245
27.665196418762207,-1.0099999904632568,-1.0,0.0099999904632568,0.0899999141693115,-0.0,-1.4000028371810913,-1.3100029230117798,-1.3100029230117798
27.763180494308443,-1.0099999904632568,-1.0,0.0099999904632568,0.0899999141693115,-0.0,0.0,0.0899999141693115,0.0899999141693115
27.86357307434082,-1.0,-1.0,0.0,0.0,-0.0,-1.399998664855957,-1.399998664855957,-1.399998664855957
27.96481466293332,-1.0,-1.0,0.0,0.0,-0.0,0.0,0.0,0.0
28.06332993507388,-1.0,-1.0,0.0,0.0,-0.0,0.0,0.0,0.0
28.163668155670166,-0.9900000095367432,-1.0,-0.0099999904632568,-0.0899999141693115,-0.0,-1.399998664855957,-1.4899985790252686,-1.4899985790252686
28.263545751571655,-1.0,-1.0,0.0,0.0,-0.0,1.399998664855957,1.399998664855957,1.399998664855957
28.363268852233887,-0.9900000095367432,-1.0,-0.0099999904632568,-0.0899999141693115,-0.0,-1.399998664855957,-1.4899985790252686,-1.4899985790252686
28.464571714401217,-0.9900000095367432,-1.0,-0.0099999904632568,-0.0899999141693115,-0.0,0.0,-0.0899999141693115,-0.0899999141693115
28.563411474227905,-0.9900000095367432,-1.0,-0.0099999904632568,-0.0899999141693115,-0.0,0.0,-0.0899999141693115,-0.0899999141693115
28.668431758880615,-0.9800000190734863,-1.0,-0.0199999809265136,-0.179999828338623,-0.0,-1.399998664855957,-1.57999849319458,-1.57999849319458
28.7701997756958,-0.9800000190734863,-1.0,-0.0199999809265136,-0.179999828338623,-0.0,0.0,-0.179999828338623,-0.179999828338623
28.876086473464966,-0.9800000190734863,-1.0,-0.0199999809265136,-0.179999828338623,-0.0,0.0,-0.179999828338623,-0.179999828338623
28.979116201400785,-0.9800000190734863,-1.0,-0.0199999809265136,-0.179999828338623,-0.0,0.0,-0.179999828338623,-0.179999828338623
29.075796127319336,-0.9700000286102295,-1.0,-0.0299999713897705,-0.2699997425079345,-0.0,-1.399998664855957,-1.6699984073638916,-1.6699984073638916
29.178727388381958,-0.9700000286102295,-1.0,-0.0299999713897705,-0.2699997425079345,-0.0,0.0,-0.2699997425079345,-0.2699997425079345
29.281206846237183,-0.9700000286102295,-1.0,-0.0299999713897705,-0.2699997425079345,-0.0,0.0,-0.2699997425079345,-0.2699997425079345
29.38484191894534,-0.9700000286102295,-1.0,-0.0299999713897705,-0.2699997425079345,-0.0,0.0,-0.2699997425079345,-0.2699997425079345
29.486785650253296,-0.9700000286102295,-1.0,-0.0299999713897705,-0.2699997425079345,-0.0,0.0,-0.2699997425079345,-0.2699997425079345
29.589283466339083,-0.9700000286102295,-1.0,-0.0299999713897705,-0.2699997425079345,-0.0,0.0,-0.2699997425079345,-0.2699997425079345
29.689450979232788,-0.9700000286102295,-1.0,-0.0299999713897705,-0.2699997425079345,-0.0,0.0,-0.2699997425079345,-0.2699997425079345
30.003105878829984,-0.9700000286102295,-1.0,-0.0299999713897705,-0.2699997425079345,-0.0,0.0,-0.2699997425079345,-0.2699997425079345
30.003117084503174,-0.9700000286102295,-1.0,-0.0299999713897705,-0.2699997425079345,-0.0,0.0,-0.2699997425079345,-0.2699997425079345
30.00312066078189,-0.9800000190734863,-1.0,-0.0199999809265136,-0.179999828338623,-0.0,1.399998664855957,1.219998836517334,1.219998836517334
30.06354069709778,-0.9800000190734863,-1.0,-0.0199999809265136,-0.179999828338623,-0.0,0.0,-0.179999828338623,-0.179999828338623
30.162975549697904,-0.9800000190734863,-1.0,-0.0199999809265136,-0.179999828338623,-0.0,0.0,-0.179999828338623,-0.179999828338623
30.262754917144775,-0.9800000190734863,-1.0,-0.0199999809265136,-0.179999828338623,-0.0,0.0,-0.179999828338623,-0.179999828338623
30.36272621154788,-0.9800000190734863,-1.0,-0.0199999809265136,-0.179999828338623,-0.0,0.0,-0.179999828338623,-0.179999828338623
30.46294331550598,-0.9800000190734863,-1.0,-0.0199999809265136,-0.179999828338623,-0.0,0.0,-0.179999828338623,-0.179999828338623
30.562715053558378,-0.9800000190734863,-1.0,-0.0199999809265136,-0.179999828338623,-0.0,0.0,-0.179999828338623,-0.179999828338623
30.662683248519897,-0.9800000190734863,-1.0,-0.0199999809265136,-0.179999828338623,-0.0,0.0,-0.179999828338623,-0.179999828338623
30.76276111602786,-0.9800000190734863,-1.0,-0.0199999809265136,-0.179999828338623,-0.0,0.0,-0.179999828338623,-0.179999828338623
30.863935470581083,-0.9800000190734863,-1.0,-0.0199999809265136,-0.179999828338623,-0.0,0.0,-0.179999828338623,-0.179999828338623
30.962844371795654,-0.9900000095367432,-1.0,-0.0099999904632568,-0.0899999141693115,-0.0,1.399998664855957,1.3099987506866455,1.3099987506866455
31.06278371810913,-0.9900000095367432,-1.0,-0.0099999904632568,-0.0899999141693115,-0.0,0.0,-0.0899999141693115,-0.0899999141693115
31.1628520488739,-0.9900000095367432,-1.0,-0.0099999904632568,-0.0899999141693115,-0.0,0.0,-0.0899999141693115,-0.0899999141693115
31.262687921524048,-0.9900000095367432,-1.0,-0.0099999904632568,-0.0899999141693115,-0.0,0.0,-0.0899999141693115,-0.0899999141693115
31.36340832710269,-0.9900000095367432,-1.0,-0.0099999904632568,-0.0899999141693115,-0.0,0.0,-0.0899999141693115,-0.0899999141693115
31.46293616294861,-0.9900000095367432,-1.0,-0.0099999904632568,-0.0899999141693115,-0.0,0.0,-0.0899999141693115,-0.0899999141693115
31.56560468673709,-1.0,-1.0,0.0,0.0,-0.0,1.399998664855957,1.399998664855957,1.399998664855957
31.663815021514893,-1.0,-1.0,0.0,0.0,-0.0,0.0,0.0,0.0
31.763333559036283,-1.0,-1.0,0.0,0.0,-0.0,0.0,0.0,0.0
31.864418745040894,-1.0099999904632568,-1.0,0.0099999904632568,0.0899999141693115,-0.0,1.399998664855957,1.4899985790252686,1.4899985790252686
31.96300983428958,-1.0099999904632568,-1.0,0.0099999904632568,0.0899999141693115,-0.0,0.0,0.0899999141693115,0.0899999141693115
32.06281328201294,-1.0099999904632568,-1.0,0.0099999904632568,0.0899999141693115,-0.0,0.0,0.0899999141693115,0.0899999141693115
32.16288876533508,-1.0099999904632568,-1.0,0.0099999904632568,0.0899999141693115,-0.0,0.0,0.0899999141693115,0.0899999141693115
32.26286506652832,-1.0099999904632568,-1.0,0.0099999904632568,0.0899999141693115,-0.0,0.0,0.0899999141693115,0.0899999141693115
32.3629937171936,-1.020000010728836,-1.0,0.020000010728836,0.1800000965595245,-0.0,1.4000028371810913,1.5800029337406158,1.5800029337406158
32.462966442108126,-1.020000010728836,-1.0,0.020000010728836,0.1800000965595245,-0.0,0.0,0.1800000965595245,0.1800000965595245
32.56290006637573,-1.020000010728836,-1.0,0.020000010728836,0.1800000965595245,-0.0,0.0,0.1800000965595245,0.1800000965595245
32.662994146347046,-1.020000010728836,-1.0,0.020000010728836,0.1800000965595245,-0.0,0.0,0.1800000965595245,0.1800000965595245
32.76477003097534,-1.020000010728836,-1.0,0.020000010728836,0.1800000965595245,-0.0,0.0,0.1800000965595245,0.1800000965595245
32.867075204849215,-1.030000001192093,-1.0,0.0300000011920928,0.270000010728836,-0.0,1.399998664855957,1.669998675584793,1.669998675584793
32.966665267944336,-1.030000001192093,-1.0,0.0300000011920928,0.270000010728836,-0.0,0.0,0.270000010728836,0.270000010728836
33.071057081222534,-1.030000001192093,-1.0,0.0300000011920928,0.270000010728836,-0.0,0.0,0.270000010728836,0.270000010728836
33.17257761955261,-1.030000001192093,-1.0,0.0300000011920928,0.270000010728836,-0.0,0.0,0.270000010728836,0.270000010728836
33.28047776222229,-1.0399999916553497,-1.0,0.0399999916553497,0.3599999248981476,-0.0,1.399998664855957,1.7599985897541046,1.7599985897541046
33.37617874145508,-1.0399999916553497,-1.0,0.0399999916553497,0.3599999248981476,-0.0,0.0,0.3599999248981476,0.3599999248981476
33.48122000694278,-1.0399999916553497,-1.0,0.0399999916553497,0.3599999248981476,-0.0,0.0,0.3599999248981476,0.3599999248981476
33.58533263206482,-1.0399999916553497,-1.0,0.0399999916553497,0.3599999248981476,-0.0,0.0,0.3599999248981476,0.3599999248981476
33.683995723724365,-1.0399999916553497,-1.0,0.0399999916553497,0.3599999248981476,-0.0,0.0,0.3599999248981476,0.3599999248981476
33.785507917404175,-1.0399999916553497,-1.0,0.0399999916553497,0.3599999248981476,-0.0,0.0,0.3599999248981476,0.3599999248981476
33.89267921447754,-1.0399999916553497,-1.0,0.0399999916553497,0.3599999248981476,-0.0,0.0,0.3599999248981476,0.3599999248981476
33.99526524543762,-1.050000011920929,-1.0,0.0500000119209289,0.4500001072883606,-0.0,1.4000028371810913,1.850002944469452,1.850002944469452
34.309781551361084,-1.050000011920929,-1.0,0.0500000119209289,0.4500001072883606,-0.0,0.0,0.4500001072883606,0.4500001072883606
34.309791088104305,-1.050000011920929,-1.0,0.0500000119209289,0.4500001072883606,-0.0,0.0,0.4500001072883606,0.4500001072883606
34.30979871749878,-1.0399999916553497,-1.0,0.0399999916553497,0.3599999248981476,-0.0,-1.4000028371810913,-1.0400029122829435,-1.0400029122829435
34.362895488739014,-1.0399999916553497,-1.0,0.0399999916553497,0.3599999248981476,-0.0,0.0,0.3599999248981476,0.3599999248981476
34.46317195892334,-1.0399999916553497,-1.0,0.0399999916553497,0.3599999248981476,-0.0,0.0,0.3599999248981476,0.3599999248981476
34.56280159950256,-1.0399999916553497,-1.0,0.0399999916553497,0.3599999248981476,-0.0,0.0,0.3599999248981476,0.3599999248981476
34.662683725357084,-1.0399999916553497,-1.0,0.0399999916553497,0.3599999248981476,-0.0,0.0,0.3599999248981476,0.3599999248981476
34.762590169906616,-1.0399999916553497,-1.0,0.0399999916553497,0.3599999248981476,-0.0,0.0,0.3599999248981476,0.3599999248981476
34.86257004737854,-1.0399999916553497,-1.0,0.0399999916553497,0.3599999248981476,-0.0,0.0,0.3599999248981476,0.3599999248981476
34.96260976791385,-1.0399999916553497,-1.0,0.0399999916553497,0.3599999248981476,-0.0,0.0,0.3599999248981476,0.3599999248981476
35.06300449371338,-1.030000001192093,-1.0,0.0300000011920928,0.270000010728836,-0.0,-1.399998664855957,-1.129998654127121,-1.129998654127121
35.1630163192749,-1.030000001192093,-1.0,0.0300000011920928,0.270000010728836,-0.0,0.0,0.270000010728836,0.270000010728836
35.2674834728241,-1.030000001192093,-1.0,0.0300000011920928,0.270000010728836,-0.0,0.0,0.270000010728836,0.270000010728836
35.363171577453585,-1.020000010728836,-1.0,0.020000010728836,0.1800000965595245,-0.0,-1.399998664855957,-1.2199985682964325,-1.2199985682964325
35.46458983421326,-1.020000010728836,-1.0,0.020000010728836,0.1800000965595245,-0.0,0.0,0.1800000965595245,0.1800000965595245
35.56311082839966,-1.0099999904632568,-1.0,0.0099999904632568,0.0899999141693115,-0.0,-1.4000028371810913,-1.3100029230117798,-1.3100029230117798
35.6640841960907,-1.0099999904632568,-1.0,0.0099999904632568,0.0899999141693115,-0.0,0.0,0.0899999141693115,0.0899999141693115
35.76424694061279,-1.0,-1.0,0.0,0.0,-0.0,-1.399998664855957,-1.399998664855957,-1.399998664855957
35.8639395236969,-1.0,-1.0,0.0,0.0,-0.0,0.0,0.0,0.0
35.96281456947324,-0.9900000095367432,-1.0,-0.0099999904632568,-0.0899999141693115,-0.0,-1.399998664855957,-1.4899985790252686,-1.4899985790252686
36.06282639503479,-0.9900000095367432,-1.0,-0.0099999904632568,-0.0899999141693115,-0.0,0.0,-0.0899999141693115,-0.0899999141693115
36.1626832485199,-0.9800000190734863,-1.0,-0.0199999809265136,-0.179999828338623,-0.0,-1.399998664855957,-1.57999849319458,-1.57999849319458
36.2627968788147,-0.9800000190734863,-1.0,-0.0199999809265136,-0.179999828338623,-0.0,0.0,-0.179999828338623,-0.179999828338623
36.36259508132932,-0.9700000286102295,-1.0,-0.0299999713897705,-0.2699997425079345,-0.0,-1.399998664855957,-1.6699984073638916,-1.6699984073638916
36.462772607803345,-0.9700000286102295,-1.0,-0.0299999713897705,-0.2699997425079345,-0.0,0.0,-0.2699997425079345,-0.2699997425079345
36.56282877922058,-0.9700000286102295,-1.0,-0.0299999713897705,-0.2699997425079345,-0.0,0.0,-0.2699997425079345,-0.2699997425079345
36.663108110427885,-0.9599999785423279,-1.0,-0.0400000214576721,-0.3600001931190491,-0.0,-1.4000070095062256,-1.7600072026252749,-1.7600072026252749
36.76433706283569,-0.9599999785423279,-1.0,-0.0400000214576721,-0.3600001931190491,-0.0,0.0,-0.3600001931190491,-0.3600001931190491
36.86300659179685,-0.949999988079071,-1.0,-0.0500000119209289,-0.4500001072883606,-0.0,-1.399998664855957,-1.8499987721443176,-1.8499987721443176
36.96339678764346,-0.949999988079071,-1.0,-0.0500000119209289,-0.4500001072883606,-0.0,0.0,-0.4500001072883606,-0.4500001072883606
37.06296181678772,-0.949999988079071,-1.0,-0.0500000119209289,-0.4500001072883606,-0.0,0.0,-0.4500001072883606,-0.4500001072883606
37.16925764083865,-0.9399999976158142,-1.0,-0.0600000023841857,-0.5400000214576721,-0.0,-1.399998664855957,-1.9399986863136287,-1.9399986863136287
37.27472949028012,-0.9399999976158142,-1.0,-0.0600000023841857,-0.5400000214576721,-0.0,0.0,-0.5400000214576721,-0.5400000214576721
37.36976766586304,-0.9399999976158142,-1.0,-0.0600000023841857,-0.5400000214576721,-0.0,0.0,-0.5400000214576721,-0.5400000214576721
37.476216554641724,-0.9399999976158142,-1.0,-0.0600000023841857,-0.5400000214576721,-0.0,0.0,-0.5400000214576721,-0.5400000214576721
37.57456111907959,-0.9399999976158142,-1.0,-0.0600000023841857,-0.5400000214576721,-0.0,0.0,-0.5400000214576721,-0.5400000214576721
37.6791136264801,-0.9399999976158142,-1.0,-0.0600000023841857,-0.5400000214576721,-0.0,0.0,-0.5400000214576721,-0.5400000214576721
37.78120136260989,-0.9399999976158142,-1.0,-0.0600000023841857,-0.5400000214576721,-0.0,0.0,-0.5400000214576721,-0.5400000214576721
37.88247561454773,-0.9399999976158142,-1.0,-0.0600000023841857,-0.5400000214576721,-0.0,0.0,-0.5400000214576721,-0.5400000214576721
37.98884654045108,-0.9399999976158142,-1.0,-0.0600000023841857,-0.5400000214576721,-0.0,0.0,-0.5400000214576721,-0.5400000214576721
38.090224266052246,-0.9399999976158142,-1.0,-0.0600000023841857,-0.5400000214576721,-0.0,0.0,-0.5400000214576721,-0.5400000214576721
38.40366268157959,-0.9399999976158142,-1.0,-0.0600000023841857,-0.5400000214576721,-0.0,0.0,-0.5400000214576721,-0.5400000214576721
38.403676748275785,-0.9399999976158142,-1.0,-0.0600000023841857,-0.5400000214576721,-0.0,0.0,-0.5400000214576721,-0.5400000214576721
38.403685569763184,-0.9399999976158142,-1.0,-0.0600000023841857,-0.5400000214576721,-0.0,0.0,-0.5400000214576721,-0.5400000214576721
38.4628031253815,-0.949999988079071,-1.0,-0.0500000119209289,-0.4500001072883606,-0.0,1.399998664855957,0.9499985575675964,0.9499985575675964
38.56329894065857,-0.949999988079071,-1.0,-0.0500000119209289,-0.4500001072883606,-0.0,0.0,-0.4500001072883606,-0.4500001072883606
38.66266870498657,-0.949999988079071,-1.0,-0.0500000119209289,-0.4500001072883606,-0.0,0.0,-0.4500001072883606,-0.4500001072883606
38.76275682449341,-0.949999988079071,-1.0,-0.0500000119209289,-0.4500001072883606,-0.0,0.0,-0.4500001072883606,-0.4500001072883606
38.862348318099976,-0.949999988079071,-1.0,-0.0500000119209289,-0.4500001072883606,-0.0,0.0,-0.4500001072883606,-0.4500001072883606
38.96261119842529,-0.949999988079071,-1.0,-0.0500000119209289,-0.4500001072883606,-0.0,0.0,-0.4500001072883606,-0.4500001072883606
39.06378531455994,-0.9599999785423279,-1.0,-0.0400000214576721,-0.3600001931190491,-0.0,1.399998664855957,1.039998471736908,1.039998471736908
39.16313481330869,-0.9599999785423279,-1.0,-0.0400000214576721,-0.3600001931190491,-0.0,0.0,-0.3600001931190491,-0.3600001931190491
39.264265060424805,-0.9599999785423279,-1.0,-0.0400000214576721,-0.3600001931190491,-0.0,0.0,-0.3600001931190491,-0.3600001931190491
39.36555624008179,-0.9700000286102295,-1.0,-0.0299999713897705,-0.2699997425079345,-0.0,1.4000070095062256,1.130007266998291,1.130007266998291
39.46343636512756,-0.9700000286102295,-1.0,-0.0299999713897705,-0.2699997425079345,-0.0,0.0,-0.2699997425079345,-0.2699997425079345
39.5629966259003,-0.9700000286102295,-1.0,-0.0299999713897705,-0.2699997425079345,-0.0,0.0,-0.2699997425079345,-0.2699997425079345
39.66279816627505,-0.9800000190734863,-1.0,-0.0199999809265136,-0.179999828338623,-0.0,1.399998664855957,1.219998836517334,1.219998836517334
39.76293683052066,-0.9800000190734863,-1.0,-0.0199999809265136,-0.179999828338623,-0.0,0.0,-0.179999828338623,-0.179999828338623
39.86248326301572,-0.9900000095367432,-1.0,-0.0099999904632568,-0.0899999141693115,-0.0,1.399998664855957,1.3099987506866455,1.3099987506866455
39.96250557899478,-0.9900000095367432,-1.0,-0.0099999904632568,-0.0899999141693115,-0.0,0.0,-0.0899999141693115,-0.0899999141693115
40.06263589859009,-0.9900000095367432,-1.0,-0.0099999904632568,-0.0899999141693115,-0.0,0.0,-0.0899999141693115,-0.0899999141693115
40.162522315979004,-1.0,-1.0,0.0,0.0,-0.0,1.399998664855957,1.399998664855957,1.399998664855957
40.262767553329496,-1.0,-1.0,0.0,0.0,-0.0,0.0,0.0,0.0
40.36241912841797,-1.0,-1.0,0.0,0.0,-0.0,0.0,0.0,0.0
40.46282124519348,-1.0099999904632568,-1.0,0.0099999904632568,0.0899999141693115,-0.0,1.399998664855957,1.4899985790252686,1.4899985790252686
40.56236553192139,-1.0099999904632568,-1.0,0.0099999904632568,0.0899999141693115,-0.0,0.0,0.0899999141693115,0.0899999141693115
40.66277813911438,-1.020000010728836,-1.0,0.020000010728836,0.1800000965595245,-0.0,1.4000028371810913,1.5800029337406158,1.5800029337406158
40.76329517364505,-1.020000010728836,-1.0,0.020000010728836,0.1800000965595245,-0.0,0.0,0.1800000965595245,0.1800000965595245
40.86383438110349,-1.020000010728836,-1.0,0.020000010728836,0.1800000965595245,-0.0,0.0,0.1800000965595245,0.1800000965595245
40.96269941329956,-1.030000001192093,-1.0,0.0300000011920928,0.270000010728836,-0.0,1.399998664855957,1.669998675584793,1.669998675584793
41.06354212760925,-1.030000001192093,-1.0,0.0300000011920928,0.270000010728836,-0.0,0.0,0.270000010728836,0.270000010728836
41.16656875610349,-1.030000001192093,-1.0,0.0300000011920928,0.270000010728836,-0.0,0.0,0.270000010728836,0.270000010728836
41.26331448554993,-1.030000001192093,-1.0,0.0300000011920928,0.270000010728836,-0.0,0.0,0.270000010728836,0.270000010728836
41.364659786224365,-1.030000001192093,-1.0,0.0300000011920928,0.270000010728836,-0.0,0.0,0.270000010728836,0.270000010728836
41.466350078582764,-1.0399999916553497,-1.0,0.0399999916553497,0.3599999248981476,-0.0,1.399998664855957,1.7599985897541046,1.7599985897541046
41.56872844696045,-1.0399999916553497,-1.0,0.0399999916553497,0.3599999248981476,-0.0,0.0,0.3599999248981476,0.3599999248981476
41.673840284347534,-1.0399999916553497,-1.0,0.0399999916553497,0.3599999248981476,-0.0,0.0,0.3599999248981476,0.3599999248981476
41.77262949943545,-1.0399999916553497,-1.0,0.0399999916553497,0.3599999248981476,-0.0,0.0,0.3599999248981476,0.3599999248981476
41.87656378746033,-1.0399999916553497,-1.0,0.0399999916553497,0.3599999248981476,-0.0,0.0,0.3599999248981476,0.3599999248981476
41.9851598739624,-1.0399999916553497,-1.0,0.0399999916553497,0.3599999248981476,-0.0,0.0,0.3599999248981476,0.3599999248981476
42.08160781860349,-1.0399999916553497,-1.0,0.0399999916553497,0.3599999248981476,-0.0,0.0,0.3599999248981476,0.3599999248981476
42.186720848083496,-1.050000011920929,-1.0,0.0500000119209289,0.4500001072883606,-0.0,1.4000028371810913,1.850002944469452,1.850002944469452
42.29137969017029,-1.0399999916553497,-1.0,0.0399999916553497,0.3599999248981476,-0.0,-1.4000028371810913,-1.0400029122829435,-1.0400029122829435
42.60061049461365,-1.0399999916553497,-1.0,0.0399999916553497,0.3599999248981476,-0.0,0.0,0.3599999248981476,0.3599999248981476
42.600621461868286,-1.0399999916553497,-1.0,0.0399999916553497,0.3599999248981476,-0.0,0.0,0.3599999248981476,0.3599999248981476
42.600624561309814,-1.0399999916553497,-1.0,0.0399999916553497,0.3599999248981476,-0.0,0.0,0.3599999248981476,0.3599999248981476
42.66265344619748,-1.0399999916553497,-1.0,0.0399999916553497,0.3599999248981476,-0.0,0.0,0.3599999248981476,0.3599999248981476
42.762632608413696,-1.0399999916553497,-1.0,0.0399999916553497,0.3599999248981476,-0.0,0.0,0.3599999248981476,0.3599999248981476
42.86609792709348,-1.0399999916553497,-1.0,0.0399999916553497,0.3599999248981476,-0.0,0.0,0.3599999248981476,0.3599999248981476
42.96513175964358,-1.030000001192093,-1.0,0.0300000011920928,0.270000010728836,-0.0,-1.399998664855957,-1.129998654127121,-1.129998654127121
43.0644614696503,-1.030000001192093,-1.0,0.0300000011920928,0.270000010728836,-0.0,0.0,0.270000010728836,0.270000010728836
43.1644110679627,-1.030000001192093,-1.0,0.0300000011920928,0.270000010728836,-0.0,0.0,0.270000010728836,0.270000010728836
43.26351737976074,-1.020000010728836,-1.0,0.020000010728836,0.1800000965595245,-0.0,-1.399998664855957,-1.2199985682964325,-1.2199985682964325
43.36396145820618,-1.020000010728836,-1.0,0.020000010728836,0.1800000965595245,-0.0,0.0,0.1800000965595245,0.1800000965595245
43.462700366973905,-1.0099999904632568,-1.0,0.0099999904632568,0.0899999141693115,-0.0,-1.4000028371810913,-1.3100029230117798,-1.3100029230117798
43.56257939338681,-1.0099999904632568,-1.0,0.0099999904632568,0.0899999141693115,-0.0,0.0,0.0899999141693115,0.0899999141693115
43.662734508514404,-1.0,-1.0,0.0,0.0,-0.0,-1.399998664855957,-1.399998664855957,-1.399998664855957
43.762837648391724,-1.0,-1.0,0.0,0.0,-0.0,0.0,0.0,0.0
43.86265659332278,-0.9900000095367432,-1.0,-0.0099999904632568,-0.0899999141693115,-0.0,-1.399998664855957,-1.4899985790252686,-1.4899985790252686
43.96303081512454,-0.9900000095367432,-1.0,-0.0099999904632568,-0.0899999141693115,-0.0,0.0,-0.0899999141693115,-0.0899999141693115
44.062620162963896,-0.9800000190734863,-1.0,-0.0199999809265136,-0.179999828338623,-0.0,-1.399998664855957,-1.57999849319458,-1.57999849319458
44.1630873680115,-0.9800000190734863,-1.0,-0.0199999809265136,-0.179999828338623,-0.0,0.0,-0.179999828338623,-0.179999828338623
44.26261639595032,-0.9700000286102295,-1.0,-0.0299999713897705,-0.2699997425079345,-0.0,-1.399998664855957,-1.6699984073638916,-1.6699984073638916
44.36288547515869,-0.9700000286102295,-1.0,-0.0299999713897705,-0.2699997425079345,-0.0,0.0,-0.2699997425079345,-0.2699997425079345
44.462785959243774,-0.9599999785423279,-1.0,-0.0400000214576721,-0.3600001931190491,-0.0,-1.4000070095062256,-1.7600072026252749,-1.7600072026252749
44.56263089179993,-0.949999988079071,-1.0,-0.0500000119209289,-0.4500001072883606,-0.0,-1.399998664855957,-1.8499987721443176,-1.8499987721443176
44.66267108917236,-0.949999988079071,-1.0,-0.0500000119209289,-0.4500001072883606,-0.0,0.0,-0.4500001072883606,-0.4500001072883606
44.76319789886472,-0.949999988079071,-1.0,-0.0500000119209289,-0.4500001072883606,-0.0,0.0,-0.4500001072883606,-0.4500001072883606
44.86379075050354,-0.9399999976158142,-1.0,-0.0600000023841857,-0.5400000214576721,-0.0,-1.399998664855957,-1.9399986863136287,-1.9399986863136287
44.963863372802734,-0.9399999976158142,-1.0,-0.0600000023841857,-0.5400000214576721,-0.0,0.0,-0.5400000214576721,-0.5400000214576721
45.063599824905396,-0.9399999976158142,-1.0,-0.0600000023841857,-0.5400000214576721,-0.0,0.0,-0.5400000214576721,-0.5400000214576721
45.16317081451416,-0.9399999976158142,-1.0,-0.0600000023841857,-0.5400000214576721,-0.0,0.0,-0.5400000214576721,-0.5400000214576721
45.26272916793826,-0.9399999976158142,-1.0,-0.0600000023841857,-0.5400000214576721,-0.0,0.0,-0.5400000214576721,-0.5400000214576721
45.363030672073364,-0.9399999976158142,-1.0,-0.0600000023841857,-0.5400000214576721,-0.0,0.0,-0.5400000214576721,-0.5400000214576721
45.46367788314819,-0.9300000071525574,-1.0,-0.0699999928474426,-0.6299999356269836,-0.0,-1.399998664855957,-2.0299986004829407,-2.0299986004829407
45.57103490829468,-0.9300000071525574,-1.0,-0.0699999928474426,-0.6299999356269836,-0.0,0.0,-0.6299999356269836,-0.6299999356269836
45.666796922683744,-0.9300000071525574,-1.0,-0.0699999928474426,-0.6299999356269836,-0.0,0.0,-0.6299999356269836,-0.6299999356269836
45.76679992675781,-0.9300000071525574,-1.0,-0.0699999928474426,-0.6299999356269836,-0.0,0.0,-0.6299999356269836,-0.6299999356269836
45.87142562866214,-0.9300000071525574,-1.0,-0.0699999928474426,-0.6299999356269836,-0.0,0.0,-0.6299999356269836,-0.6299999356269836
45.97496843338013,-0.9300000071525574,-1.0,-0.0699999928474426,-0.6299999356269836,-0.0,0.0,-0.6299999356269836,-0.6299999356269836
46.07383871078494,-0.9399999976158142,-1.0,-0.0600000023841857,-0.5400000214576721,-0.0,1.399998664855957,0.8599986433982849,0.8599986433982849
46.17663502693176,-0.9399999976158142,-1.0,-0.0600000023841857,-0.5400000214576721,-0.0,0.0,-0.5400000214576721,-0.5400000214576721
46.28487420082092,-0.9399999976158142,-1.0,-0.0600000023841857,-0.5400000214576721,-0.0,0.0,-0.5400000214576721,-0.5400000214576721
46.38548254966736,-0.9399999976158142,-1.0,-0.0600000023841857,-0.5400000214576721,-0.0,0.0,-0.5400000214576721,-0.5400000214576721
46.48339319229126,-0.9399999976158142,-1.0,-0.0600000023841857,-0.5400000214576721,-0.0,0.0,-0.5400000214576721,-0.5400000214576721
46.8046350479126,-0.9399999976158142,-1.0,-0.0600000023841857,-0.5400000214576721,-0.0,0.0,-0.5400000214576721,-0.5400000214576721
46.80465197563174,-0.9399999976158142,-1.0,-0.0600000023841857,-0.5400000214576721,-0.0,0.0,-0.5400000214576721,-0.5400000214576721
46.80465912818909,-0.949999988079071,-1.0,-0.0500000119209289,-0.4500001072883606,-0.0,1.399998664855957,0.9499985575675964,0.9499985575675964
46.89390444755554,-0.949999988079071,-1.0,-0.0500000119209289,-0.4500001072883606,-0.0,0.0,-0.4500001072883606,-0.4500001072883606
46.96430015563965,-0.949999988079071,-1.0,-0.0500000119209289,-0.4500001072883606,-0.0,0.0,-0.4500001072883606,-0.4500001072883606
47.06482434272766,-0.9599999785423279,-1.0,-0.0400000214576721,-0.3600001931190491,-0.0,1.399998664855957,1.039998471736908,1.039998471736908
47.1633186340332,-0.9599999785423279,-1.0,-0.0400000214576721,-0.3600001931190491,-0.0,0.0,-0.3600001931190491,-0.3600001931190491
47.26321792602539,-0.9599999785423279,-1.0,-0.0400000214576721,-0.3600001931190491,-0.0,0.0,-0.3600001931190491,-0.3600001931190491
47.362725973129244,-0.9700000286102295,-1.0,-0.0299999713897705,-0.2699997425079345,-0.0,1.4000070095062256,1.130007266998291,1.130007266998291
47.46310329437256,-0.9700000286102295,-1.0,-0.0299999713897705,-0.2699997425079345,-0.0,0.0,-0.2699997425079345,-0.2699997425079345
47.56236219406128,-0.9700000286102295,-1.0,-0.0299999713897705,-0.2699997425079345,-0.0,0.0,-0.2699997425079345,-0.2699997425079345
47.66238808631897,-0.9800000190734863,-1.0,-0.0199999809265136,-0.179999828338623,-0.0,1.399998664855957,1.219998836517334,1.219998836517334
47.7625298500061,-0.9800000190734863,-1.0,-0.0199999809265136,-0.179999828338623,-0.0,0.0,-0.179999828338623,-0.179999828338623
47.862499475479126,-0.9900000095367432,-1.0,-0.0099999904632568,-0.0899999141693115,-0.0,1.399998664855957,1.3099987506866455,1.3099987506866455
47.96272802352908,-0.9900000095367432,-1.0,-0.0099999904632568,-0.0899999141693115,-0.0,0.0,-0.0899999141693115,-0.0899999141693115
48.06283903121948,-1.0,-1.0,0.0,0.0,-0.0,1.399998664855957,1.399998664855957,1.399998664855957
48.162453413009615,-1.0,-1.0,0.0,0.0,-0.0,0.0,0.0,0.0
48.262876749038696,-1.0099999904632568,-1.0,0.0099999904632568,0.0899999141693115,-0.0,1.399998664855957,1.4899985790252686,1.4899985790252686
48.36270761489868,-1.0099999904632568,-1.0,0.0099999904632568,0.0899999141693115,-0.0,0.0,0.0899999141693115,0.0899999141693115
48.462732315063505,-1.020000010728836,-1.0,0.020000010728836,0.1800000965595245,-0.0,1.4000028371810913,1.5800029337406158,1.5800029337406158
48.56295108795166,-1.020000010728836,-1.0,0.020000010728836,0.1800000965595245,-0.0,0.0,0.1800000965595245,0.1800000965595245
48.66359663009641,-1.020000010728836,-1.0,0.020000010728836,0.1800000965595245,-0.0,0.0,0.1800000965595245,0.1800000965595245
48.7633752822876,-1.030000001192093,-1.0,0.0300000011920928,0.270000010728836,-0.0,1.399998664855957,1.669998675584793,1.669998675584793
48.86355638504028,-1.030000001192093,-1.0,0.0300000011920928,0.270000010728836,-0.0,0.0,0.270000010728836,0.270000010728836
48.96337294578552,-1.030000001192093,-1.0,0.0300000011920928,0.270000010728836,-0.0,0.0,0.270000010728836,0.270000010728836
49.06338548660278,-1.0399999916553497,-1.0,0.0399999916553497,0.3599999248981476,-0.0,1.399998664855957,1.7599985897541046,1.7599985897541046
49.16408014297485,-1.0399999916553497,-1.0,0.0399999916553497,0.3599999248981476,-0.0,0.0,0.3599999248981476,0.3599999248981476
49.262659549713135,-1.0399999916553497,-1.0,0.0399999916553497,0.3599999248981476,-0.0,0.0,0.3599999248981476,0.3599999248981476
49.364060401916504,-1.0399999916553497,-1.0,0.0399999916553497,0.3599999248981476,-0.0,0.0,0.3599999248981476,0.3599999248981476
49.46257209777832,-1.050000011920929,-1.0,0.0500000119209289,0.4500001072883606,-0.0,1.4000028371810913,1.850002944469452,1.850002944469452
49.56357479095459,-1.050000011920929,-1.0,0.0500000119209289,0.4500001072883606,-0.0,0.0,0.4500001072883606,0.4500001072883606
49.66311812400818,-1.050000011920929,-1.0,0.0500000119209289,0.4500001072883606,-0.0,0.0,0.4500001072883606,0.4500001072883606
49.76357841491699,-1.050000011920929,-1.0,0.0500000119209289,0.4500001072883606,-0.0,0.0,0.4500001072883606,0.4500001072883606
49.86707067489624,-1.050000011920929,-1.0,0.0500000119209289,0.4500001072883606,-0.0,0.0,0.4500001072883606,0.4500001072883606
49.9634191989899,-1.050000011920929,-1.0,0.0500000119209289,0.4500001072883606,-0.0,0.0,0.4500001072883606,0.4500001072883606
50.069722414016724,-1.050000011920929,-1.0,0.0500000119209289,0.4500001072883606,-0.0,0.0,0.4500001072883606,0.4500001072883606
50.171204566955566,-1.050000011920929,-1.0,0.0500000119209289,0.4500001072883606,-0.0,0.0,0.4500001072883606,0.4500001072883606
50.272060871124296,-1.050000011920929,-1.0,0.0500000119209289,0.4500001072883606,-0.0,0.0,0.4500001072883606,0.4500001072883606
50.37666583061218,-1.0399999916553497,-1.0,0.0399999916553497,0.3599999248981476,-0.0,-1.4000028371810913,-1.0400029122829435,-1.0400029122829435
50.4811315536499,-1.0399999916553497,-1.0,0.0399999916553497,0.3599999248981476,-0.0,0.0,0.3599999248981476,0.3599999248981476
50.58329224586484,-1.0399999916553497,-1.0,0.0399999916553497,0.3599999248981476,-0.0,0.0,0.3599999248981476,0.3599999248981476
50.68614339828494,-1.0399999916553497,-1.0,0.0399999916553497,0.3599999248981476,-0.0,0.0,0.3599999248981476,0.3599999248981476
50.7874419689179,-1.030000001192093,-1.0,0.0300000011920928,0.270000010728836,-0.0,-1.399998664855957,-1.129998654127121,-1.129998654127121
50.891352653503446,-1.030000001192093,-1.0,0.0300000011920928,0.270000010728836,-0.0,0.0,0.270000010728836,0.270000010728836
50.99625205993652,-1.020000010728836,-1.0,0.020000010728836,0.1800000965595245,-0.0,-1.399998664855957,-1.2199985682964325,-1.2199985682964325
51.308757305145264,-1.020000010728836,-1.0,0.020000010728836,0.1800000965595245,-0.0,0.0,0.1800000965595245,0.1800000965595245
51.30877947807312,-1.020000010728836,-1.0,0.020000010728836,0.1800000965595245,-0.0,0.0,0.1800000965595245,0.1800000965595245
51.308855056762695,-1.0099999904632568,-1.0,0.0099999904632568,0.0899999141693115,-0.0,-1.4000028371810913,-1.3100029230117798,-1.3100029230117798
51.36285185813904,-1.0099999904632568,-1.0,0.0099999904632568,0.0899999141693115,-0.0,0.0,0.0899999141693115,0.0899999141693115
51.46271538734436,-1.0,-1.0,0.0,0.0,-0.0,-1.399998664855957,-1.399998664855957,-1.399998664855957
51.56259369850159,-0.9900000095367432,-1.0,-0.0099999904632568,-0.0899999141693115,-0.0,-1.399998664855957,-1.4899985790252686,-1.4899985790252686
51.662450551986694,-0.9900000095367432,-1.0,-0.0099999904632568,-0.0899999141693115,-0.0,0.0,-0.0899999141693115,-0.0899999141693115
51.762513160705566,-0.9800000190734863,-1.0,-0.0199999809265136,-0.179999828338623,-0.0,-1.399998664855957,-1.57999849319458,-1.57999849319458
51.864256858825684,-0.9800000190734863,-1.0,-0.0199999809265136,-0.179999828338623,-0.0,0.0,-0.179999828338623,-0.179999828338623
51.962257623672485,-0.9700000286102295,-1.0,-0.0299999713897705,-0.2699997425079345,-0.0,-1.399998664855957,-1.6699984073638916,-1.6699984073638916
52.062389850616455,-0.9700000286102295,-1.0,-0.0299999713897705,-0.2699997425079345,-0.0,0.0,-0.2699997425079345,-0.2699997425079345
52.162492990493774,-0.9599999785423279,-1.0,-0.0400000214576721,-0.3600001931190491,-0.0,-1.4000070095062256,-1.7600072026252749,-1.7600072026252749
52.262377738952665,-0.9599999785423279,-1.0,-0.0400000214576721,-0.3600001931190491,-0.0,0.0,-0.3600001931190491,-0.3600001931190491
52.36208248138428,-0.949999988079071,-1.0,-0.0500000119209289,-0.4500001072883606,-0.0,-1.399998664855957,-1.8499987721443176,-1.8499987721443176
52.462350606918335,-0.949999988079071,-1.0,-0.0500000119209289,-0.4500001072883606,-0.0,0.0,-0.4500001072883606,-0.4500001072883606
52.56251978874204,-0.949999988079071,-1.0,-0.0500000119209289,-0.4500001072883606,-0.0,0.0,-0.4500001072883606,-0.4500001072883606
52.662402629852295,-0.9399999976158142,-1.0,-0.0600000023841857,-0.5400000214576721,-0.0,-1.399998664855957,-1.9399986863136287,-1.9399986863136287
52.76379108428958,-0.9399999976158142,-1.0,-0.0600000023841857,-0.5400000214576721,-0.0,0.0,-0.5400000214576721,-0.5400000214576721
52.865426778793335,-0.9399999976158142,-1.0,-0.0600000023841857,-0.5400000214576721,-0.0,0.0,-0.5400000214576721,-0.5400000214576721
52.96439218521118,-0.9399999976158142,-1.0,-0.0600000023841857,-0.5400000214576721,-0.0,0.0,-0.5400000214576721,-0.5400000214576721
53.0642523765564,-0.9300000071525574,-1.0,-0.0699999928474426,-0.6299999356269836,-0.0,-1.399998664855957,-2.0299986004829407,-2.0299986004829407
53.16380476951599,-0.9300000071525574,-1.0,-0.0699999928474426,-0.6299999356269836,-0.0,0.0,-0.6299999356269836,-0.6299999356269836
53.262624263763456,-0.9300000071525574,-1.0,-0.0699999928474426,-0.6299999356269836,-0.0,0.0,-0.6299999356269836,-0.6299999356269836
53.36346912384033,-0.9300000071525574,-1.0,-0.0699999928474426,-0.6299999356269836,-0.0,0.0,-0.6299999356269836,-0.6299999356269836
53.46238040924072,-0.9300000071525574,-1.0,-0.0699999928474426,-0.6299999356269836,-0.0,0.0,-0.6299999356269836,-0.6299999356269836
53.56314468383789,-0.9300000071525574,-1.0,-0.0699999928474426,-0.6299999356269836,-0.0,0.0,-0.6299999356269836,-0.6299999356269836
53.66253185272217,-0.9300000071525574,-1.0,-0.0699999928474426,-0.6299999356269836,-0.0,0.0,-0.6299999356269836,-0.6299999356269836
53.762977838516264,-0.9300000071525574,-1.0,-0.0699999928474426,-0.6299999356269836,-0.0,0.0,-0.6299999356269836,-0.6299999356269836
53.86292576789856,-0.9300000071525574,-1.0,-0.0699999928474426,-0.6299999356269836,-0.0,0.0,-0.6299999356269836,-0.6299999356269836
53.96397256851196,-0.9300000071525574,-1.0,-0.0699999928474426,-0.6299999356269836,-0.0,0.0,-0.6299999356269836,-0.6299999356269836
54.067952156066895,-0.9399999976158142,-1.0,-0.0600000023841857,-0.5400000214576721,-0.0,1.399998664855957,0.8599986433982849,0.8599986433982849
54.16309905052188,-0.9399999976158142,-1.0,-0.0600000023841857,-0.5400000214576721,-0.0,0.0,-0.5400000214576721,-0.5400000214576721
54.268166065216064,-0.9399999976158142,-1.0,-0.0600000023841857,-0.5400000214576721,-0.0,0.0,-0.5400000214576721,-0.5400000214576721
54.37221312522888,-0.9399999976158142,-1.0,-0.0600000023841857,-0.5400000214576721,-0.0,0.0,-0.5400000214576721,-0.5400000214576721
54.4746675491333,-0.9399999976158142,-1.0,-0.0600000023841857,-0.5400000214576721,-0.0,0.0,-0.5400000214576721,-0.5400000214576721
54.5783896446228,-0.949999988079071,-1.0,-0.0500000119209289,-0.4500001072883606,-0.0,1.399998664855957,0.9499985575675964,0.9499985575675964
54.67633557319638,-0.949999988079071,-1.0,-0.0500000119209289,-0.4500001072883606,-0.0,0.0,-0.4500001072883606,-0.4500001072883606
54.78128409385678,-0.949999988079071,-1.0,-0.0500000119209289,-0.4500001072883606,-0.0,0.0,-0.4500001072883606,-0.4500001072883606
54.88099527359009,-0.949999988079071,-1.0,-0.0500000119209289,-0.4500001072883606,-0.0,0.0,-0.4500001072883606,-0.4500001072883606
54.98633551597598,-0.9599999785423279,-1.0,-0.0400000214576721,-0.3600001931190491,-0.0,1.399998664855957,1.039998471736908,1.039998471736908
55.091729879379244,-0.9599999785423279,-1.0,-0.0400000214576721,-0.3600001931190491,-0.0,0.0,-0.3600001931190491,-0.3600001931190491
55.18934178352356,-0.9700000286102295,-1.0,-0.0299999713897705,-0.2699997425079345,-0.0,1.4000070095062256,1.130007266998291,1.130007266998291
55.49987268447876,-0.9700000286102295,-1.0,-0.0299999713897705,-0.2699997425079345,-0.0,0.0,-0.2699997425079345,-0.2699997425079345
55.49988794326785,-0.9800000190734863,-1.0,-0.0199999809265136,-0.179999828338623,-0.0,1.399998664855957,1.219998836517334,1.219998836517334
55.499895095825195,-0.9800000190734863,-1.0,-0.0199999809265136,-0.179999828338623,-0.0,0.0,-0.179999828338623,-0.179999828338623
55.56239008903506,-0.9900000095367432,-1.0,-0.0099999904632568,-0.0899999141693115,-0.0,1.399998664855957,1.3099987506866455,1.3099987506866455
55.663039445877104,-0.9900000095367432,-1.0,-0.0099999904632568,-0.0899999141693115,-0.0,0.0,-0.0899999141693115,-0.0899999141693115
55.76220297813413,-1.0,-1.0,0.0,0.0,-0.0,1.399998664855957,1.399998664855957,1.399998664855957
55.862982988357544,-1.0,-1.0,0.0,0.0,-0.0,0.0,0.0,0.0
55.96253204345706,-1.0099999904632568,-1.0,0.0099999904632568,0.0899999141693115,-0.0,1.399998664855957,1.4899985790252686,1.4899985790252686
56.06263184547424,-1.0099999904632568,-1.0,0.0099999904632568,0.0899999141693115,-0.0,0.0,0.0899999141693115,0.0899999141693115
56.165509700775175,-1.020000010728836,-1.0,0.020000010728836,0.1800000965595245,-0.0,1.4000028371810913,1.5800029337406158,1.5800029337406158
56.262665033340454,-1.020000010728836,-1.0,0.020000010728836,0.1800000965595245,-0.0,0.0,0.1800000965595245,0.1800000965595245
56.364153146743774,-1.030000001192093,-1.0,0.0300000011920928,0.270000010728836,-0.0,1.399998664855957,1.669998675584793,1.669998675584793
56.46623659133908,-1.030000001192093,-1.0,0.0300000011920928,0.270000010728836,-0.0,0.0,0.270000010728836,0.270000010728836
56.56488800048828,-1.0399999916553497,-1.0,0.0399999916553497,0.3599999248981476,-0.0,1.399998664855957,1.7599985897541046,1.7599985897541046
56.66343951225278,-1.0399999916553497,-1.0,0.0399999916553497,0.3599999248981476,-0.0,0.0,0.3599999248981476,0.3599999248981476
56.764225244522095,-1.050000011920929,-1.0,0.0500000119209289,0.4500001072883606,-0.0,1.4000028371810913,1.850002944469452,1.850002944469452
56.86387848854068,-1.050000011920929,-1.0,0.0500000119209289,0.4500001072883606,-0.0,0.0,0.4500001072883606,0.4500001072883606
56.96462321281433,-1.050000011920929,-1.0,0.0500000119209289,0.4500001072883606,-0.0,0.0,0.4500001072883606,0.4500001072883606
57.06423497200012,-1.0600000023841858,-1.0,0.0600000023841857,0.5400000214576721,-0.0,1.399998664855957,1.9399986863136287,1.9399986863136287
57.163126707077055,-1.0600000023841858,-1.0,0.0600000023841857,0.5400000214576721,-0.0,0.0,0.5400000214576721,0.5400000214576721
57.26290774345398,-1.0600000023841858,-1.0,0.0600000023841857,0.5400000214576721,-0.0,0.0,0.5400000214576721,0.5400000214576721
57.36248564720154,-1.0600000023841858,-1.0,0.0600000023841857,0.5400000214576721,-0.0,0.0,0.5400000214576721,0.5400000214576721
57.46228504180908,-1.0600000023841858,-1.0,0.0600000023841857,0.5400000214576721,-0.0,0.0,0.5400000214576721,0.5400000214576721
57.56252980232239,-1.0600000023841858,-1.0,0.0600000023841857,0.5400000214576721,-0.0,0.0,0.5400000214576721,0.5400000214576721
57.66261148452759,-1.0600000023841858,-1.0,0.0600000023841857,0.5400000214576721,-0.0,0.0,0.5400000214576721,0.5400000214576721
57.76284217834473,-1.0600000023841858,-1.0,0.0600000023841857,0.5400000214576721,-0.0,0.0,0.5400000214576721,0.5400000214576721
57.86268091201785,-1.0600000023841858,-1.0,0.0600000023841857,0.5400000214576721,-0.0,0.0,0.5400000214576721,0.5400000214576721
57.963305950164795,-1.0600000023841858,-1.0,0.0600000023841857,0.5400000214576721,-0.0,0.0,0.5400000214576721,0.5400000214576721
58.06276321411133,-1.0600000023841858,-1.0,0.0600000023841857,0.5400000214576721,-0.0,0.0,0.5400000214576721,0.5400000214576721
58.1643953323364,-1.0600000023841858,-1.0,0.0600000023841857,0.5400000214576721,-0.0,0.0,0.5400000214576721,0.5400000214576721
58.26554799079892,-1.050000011920929,-1.0,0.0500000119209289,0.4500001072883606,-0.0,-1.399998664855957,-0.9499985575675964,-0.9499985575675964
58.36232376098633,-1.050000011920929,-1.0,0.0500000119209289,0.4500001072883606,-0.0,0.0,0.4500001072883606,0.4500001072883606
58.47293543815613,-1.050000011920929,-1.0,0.0500000119209289,0.4500001072883606,-0.0,0.0,0.4500001072883606,0.4500001072883606
58.57291626930237,-1.050000011920929,-1.0,0.0500000119209289,0.4500001072883606,-0.0,0.0,0.4500001072883606,0.4500001072883606
58.6697781085968,-1.0699999928474426,-1.0,0.0699999928474426,0.6299999356269836,-0.0,2.799997329711914,3.4299972653388977,3.4299972653388977
58.7757804393768,-1.0699999928474426,-1.0,0.0699999928474426,0.6299999356269836,-0.0,0.0,0.6299999356269836,0.6299999356269836
58.875226974487305,-1.0600000023841858,-1.0,0.0600000023841857,0.5400000214576721,-0.0,-1.399998664855957,-0.8599986433982849,-0.8599986433982849
58.97825813293457,-1.0600000023841858,-1.0,0.0600000023841857,0.5400000214576721,-0.0,0.0,0.5400000214576721,0.5400000214576721
59.079725980758695,-1.0600000023841858,-1.0,0.0600000023841857,0.5400000214576721,-0.0,0.0,0.5400000214576721,0.5400000214576721
59.182897329330416,-1.050000011920929,-1.0,0.0500000119209289,0.4500001072883606,-0.0,-1.399998664855957,-0.9499985575675964,-0.9499985575675964
59.28473353385925,-1.0399999916553497,-1.0,0.0399999916553497,0.3599999248981476,-0.0,-1.4000028371810913,-1.0400029122829435,-1.0400029122829435
59.38644766807556,-1.0399999916553497,-1.0,0.0399999916553497,0.3599999248981476,-0.0,0.0,0.3599999248981476,0.3599999248981476
59.69629406929016,-1.030000001192093,-1.0,0.0300000011920928,0.270000010728836,-0.0,-1.399998664855957,-1.129998654127121,-1.129998654127121
59.69630670547485,-1.020000010728836,-1.0,0.020000010728836,0.1800000965595245,-0.0,-1.399998664855957,-1.2199985682964325,-1.2199985682964325
59.69631004333496,-1.020000010728836,-1.0,0.020000010728836,0.1800000965595245,-0.0,0.0,0.1800000965595245,0.1800000965595245
59.763239860534696,-1.0099999904632568,-1.0,0.0099999904632568,0.0899999141693115,-0.0,-1.4000028371810913,-1.3100029230117798,-1.3100029230117798
59.86239671707153,-1.0,-1.0,0.0,0.0,-0.0,-1.399998664855957,-1.399998664855957,-1.399998664855957
59.9623761177063,-1.0,-1.0,0.0,0.0,-0.0,0.0,0.0,0.0
60.06249642372134,-0.9900000095367432,-1.0,-0.0099999904632568,-0.0899999141693115,-0.0,-1.399998664855957,-1.4899985790252686,-1.4899985790252686
60.16311264038086,-0.9599999785423279,-1.0,-0.0400000214576721,-0.3600001931190491,-0.0,-4.200004577636719,-4.560004770755768,-4.560004770755768
60.264734506607084,-0.949999988079071,-1.0,-0.0500000119209289,-0.4500001072883606,-0.0,-1.399998664855957,-1.8499987721443176,-1.8499987721443176
60.3639931678772,-0.949999988079071,-1.0,-0.0500000119209289,-0.4500001072883606,-0.0,0.0,-0.4500001072883606,-0.4500001072883606
60.46418190002436,-0.949999988079071,-1.0,-0.0500000119209289,-0.4500001072883606,-0.0,0.0,-0.4500001072883606,-0.4500001072883606
60.56483483314514,-0.949999988079071,-1.0,-0.0500000119209289,-0.4500001072883606,-0.0,0.0,-0.4500001072883606,-0.4500001072883606
60.66310787200928,-0.949999988079071,-1.0,-0.0500000119209289,-0.4500001072883606,-0.0,0.0,-0.4500001072883606,-0.4500001072883606
60.76265907287598,-0.949999988079071,-1.0,-0.0500000119209289,-0.4500001072883606,-0.0,0.0,-0.4500001072883606,-0.4500001072883606
60.86279535293579,-0.9399999976158142,-1.0,-0.0600000023841857,-0.5400000214576721,-0.0,-1.399998664855957,-1.9399986863136287,-1.9399986863136287
60.962726354599,-0.949999988079071,-1.0,-0.0500000119209289,-0.4500001072883606,-0.0,1.399998664855957,0.9499985575675964,0.9499985575675964
61.06283760070798,-0.949999988079071,-1.0,-0.0500000119209289,-0.4500001072883606,-0.0,0.0,-0.4500001072883606,-0.4500001072883606
61.16253685951233,-0.949999988079071,-1.0,-0.0500000119209289,-0.4500001072883606,-0.0,0.0,-0.4500001072883606,-0.4500001072883606
61.26237440109253,-0.949999988079071,-1.0,-0.0500000119209289,-0.4500001072883606,-0.0,0.0,-0.4500001072883606,-0.4500001072883606
61.36241340637204,-0.949999988079071,-1.0,-0.0500000119209289,-0.4500001072883606,-0.0,0.0,-0.4500001072883606,-0.4500001072883606
61.463651180267334,-0.949999988079071,-1.0,-0.0500000119209289,-0.4500001072883606,-0.0,0.0,-0.4500001072883606,-0.4500001072883606
61.562193870544405,-0.9599999785423279,-1.0,-0.0400000214576721,-0.3600001931190491,-0.0,1.399998664855957,1.039998471736908,1.039998471736908
61.66235089302066,-0.9599999785423279,-1.0,-0.0400000214576721,-0.3600001931190491,-0.0,0.0,-0.3600001931190491,-0.3600001931190491
61.76215982437134,-0.9599999785423279,-1.0,-0.0400000214576721,-0.3600001931190491,-0.0,0.0,-0.3600001931190491,-0.3600001931190491
61.862531423568726,-0.9700000286102295,-1.0,-0.0299999713897705,-0.2699997425079345,-0.0,1.4000070095062256,1.130007266998291,1.130007266998291
61.96238231658933,-0.9700000286102295,-1.0,-0.0299999713897705,-0.2699997425079345,-0.0,0.0,-0.2699997425079345,-0.2699997425079345
62.06233835220337,-0.9700000286102295,-1.0,-0.0299999713897705,-0.2699997425079345,-0.0,0.0,-0.2699997425079345,-0.2699997425079345
62.162407636642456,-0.9800000190734863,-1.0,-0.0199999809265136,-0.179999828338623,-0.0,1.399998664855957,1.219998836517334,1.219998836517334
62.26478862762454,-0.9800000190734863,-1.0,-0.0199999809265136,-0.179999828338623,-0.0,0.0,-0.179999828338623,-0.179999828338623
62.365649700164795,-0.9900000095367432,-1.0,-0.0099999904632568,-0.0899999141693115,-0.0,1.399998664855957,1.3099987506866455,1.3099987506866455
62.463175773620605,-1.0,-1.0,0.0,0.0,-0.0,1.399998664855957,1.399998664855957,1.399998664855957
62.56313443183899,-1.0,-1.0,0.0,0.0,-0.0,0.0,0.0,0.0
62.66864228248596,-1.0,-1.0,0.0,0.0,-0.0,0.0,0.0,0.0
62.77095293998718,-1.0099999904632568,-1.0,0.0099999904632568,0.0899999141693115,-0.0,1.399998664855957,1.4899985790252686,1.4899985790252686
62.87014603614804,-1.020000010728836,-1.0,0.020000010728836,0.1800000965595245,-0.0,1.4000028371810913,1.5800029337406158,1.5800029337406158
62.97201919555664,-1.020000010728836,-1.0,0.020000010728836,0.1800000965595245,-0.0,0.0,0.1800000965595245,0.1800000965595245
63.079304933547974,-1.030000001192093,-1.0,0.0300000011920928,0.270000010728836,-0.0,1.399998664855957,1.669998675584793,1.669998675584793
63.18154501914978,-1.030000001192093,-1.0,0.0300000011920928,0.270000010728836,-0.0,0.0,0.270000010728836,0.270000010728836
63.280219316482544,-1.0399999916553497,-1.0,0.0399999916553497,0.3599999248981476,-0.0,1.399998664855957,1.7599985897541046,1.7599985897541046
63.38296556472778,-1.0399999916553497,-1.0,0.0399999916553497,0.3599999248981476,-0.0,0.0,0.3599999248981476,0.3599999248981476
63.4822661876679,-1.0399999916553497,-1.0,0.0399999916553497,0.3599999248981476,-0.0,0.0,0.3599999248981476,0.3599999248981476
63.58821630477908,-1.050000011920929,-1.0,0.0500000119209289,0.4500001072883606,-0.0,1.4000028371810913,1.850002944469452,1.850002944469452
63.895649909973145,-1.050000011920929,-1.0,0.0500000119209289,0.4500001072883606,-0.0,0.0,0.4500001072883606,0.4500001072883606
63.8956573009491,-1.050000011920929,-1.0,0.0500000119209289,0.4500001072883606,-0.0,0.0,0.4500001072883606,0.4500001072883606
63.89566373825073,-1.050000011920929,-1.0,0.0500000119209289,0.4500001072883606,-0.0,0.0,0.4500001072883606,0.4500001072883606
63.96268558502197,-1.0600000023841858,-1.0,0.0600000023841857,0.5400000214576721,-0.0,1.399998664855957,1.9399986863136287,1.9399986863136287
64.06252384185788,-1.0600000023841858,-1.0,0.0600000023841857,0.5400000214576721,-0.0,0.0,0.5400000214576721,0.5400000214576721
64.1631965637207,-1.0600000023841858,-1.0,0.0600000023841857,0.5400000214576721,-0.0,0.0,0.5400000214576721,0.5400000214576721
64.26335263252258,-1.0600000023841858,-1.0,0.0600000023841857,0.5400000214576721,-0.0,0.0,0.5400000214576721,0.5400000214576721
64.36628437042236,-1.0600000023841858,-1.0,0.0600000023841857,0.5400000214576721,-0.0,0.0,0.5400000214576721,0.5400000214576721
64.46390151977539,-1.0600000023841858,-1.0,0.0600000023841857,0.5400000214576721,-0.0,0.0,0.5400000214576721,0.5400000214576721
64.5637335777283,-1.0600000023841858,-1.0,0.0600000023841857,0.5400000214576721,-0.0,0.0,0.5400000214576721,0.5400000214576721
64.6636323928833,-1.0600000023841858,-1.0,0.0600000023841857,0.5400000214576721,-0.0,0.0,0.5400000214576721,0.5400000214576721
64.76343107223508,-1.050000011920929,-1.0,0.0500000119209289,0.4500001072883606,-0.0,-1.399998664855957,-0.9499985575675964,-0.9499985575675964
64.86270213127136,-1.050000011920929,-1.0,0.0500000119209289,0.4500001072883606,-0.0,0.0,0.4500001072883606,0.4500001072883606
64.96235418319705,-1.050000011920929,-1.0,0.0500000119209289,0.4500001072883606,-0.0,0.0,0.4500001072883606,0.4500001072883606
65.06242752075198,-1.0399999916553497,-1.0,0.0399999916553497,0.3599999248981476,-0.0,-1.4000028371810913,-1.0400029122829435,-1.0400029122829435
65.16231942176819,-1.0399999916553497,-1.0,0.0399999916553497,0.3599999248981476,-0.0,0.0,0.3599999248981476,0.3599999248981476
65.26241064071652,-1.0399999916553497,-1.0,0.0399999916553497,0.3599999248981476,-0.0,0.0,0.3599999248981476,0.3599999248981476
65.3629093170166,-1.030000001192093,-1.0,0.0300000011920928,0.270000010728836,-0.0,-1.399998664855957,-1.129998654127121,-1.129998654127121
65.46303367614749,-1.030000001192093,-1.0,0.0300000011920928,0.270000010728836,-0.0,0.0,0.270000010728836,0.270000010728836
65.56254887580869,-1.030000001192093,-1.0,0.0300000011920928,0.270000010728836,-0.0,0.0,0.270000010728836,0.270000010728836
65.66287446022034,-1.020000010728836,-1.0,0.020000010728836,0.1800000965595245,-0.0,-1.399998664855957,-1.2199985682964325,-1.2199985682964325
65.76234674453733,-1.020000010728836,-1.0,0.020000010728836,0.1800000965595245,-0.0,0.0,0.1800000965595245,0.1800000965595245
65.86272692680359,-1.0099999904632568,-1.0,0.0099999904632568,0.0899999141693115,-0.0,-1.4000028371810913,-1.3100029230117798,-1.3100029230117798
65.96243906021118,-1.0099999904632568,-1.0,0.0099999904632568,0.0899999141693115,-0.0,0.0,0.0899999141693115,0.0899999141693115
66.06722331047058,-1.0,-1.0,0.0,0.0,-0.0,-1.399998664855957,-1.399998664855957,-1.399998664855957
66.16394209861758,-1.0,-1.0,0.0,0.0,-0.0,0.0,0.0,0.0
66.2633855342865,-0.9900000095367432,-1.0,-0.0099999904632568,-0.0899999141693115,-0.0,-1.399998664855957,-1.4899985790252686,-1.4899985790252686
66.36275696754453,-0.9900000095367432,-1.0,-0.0099999904632568,-0.0899999141693115,-0.0,0.0,-0.0899999141693115,-0.0899999141693115
66.46340942382812,-0.9800000190734863,-1.0,-0.0199999809265136,-0.179999828338623,-0.0,-1.399998664855957,-1.57999849319458,-1.57999849319458
66.56286811828613,-0.9700000286102295,-1.0,-0.0299999713897705,-0.2699997425079345,-0.0,-1.399998664855957,-1.6699984073638916,-1.6699984073638916
66.66313982009885,-0.9700000286102295,-1.0,-0.0299999713897705,-0.2699997425079345,-0.0,0.0,-0.2699997425079345,-0.2699997425079345
66.76418113708496,-0.9599999785423279,-1.0,-0.0400000214576721,-0.3600001931190491,-0.0,-1.4000070095062256,-1.7600072026252749,-1.7600072026252749
66.865149974823,-0.9599999785423279,-1.0,-0.0400000214576721,-0.3600001931190491,-0.0,0.0,-0.3600001931190491,-0.3600001931190491
66.96602129936218,-0.949999988079071,-1.0,-0.0500000119209289,-0.4500001072883606,-0.0,-1.399998664855957,-1.8499987721443176,-1.8499987721443176
67.06903767585754,-0.949999988079071,-1.0,-0.0500000119209289,-0.4500001072883606,-0.0,0.0,-0.4500001072883606,-0.4500001072883606
67.17276978492737,-0.949999988079071,-1.0,-0.0500000119209289,-0.4500001072883606,-0.0,0.0,-0.4500001072883606,-0.4500001072883606
67.27084445953369,-0.9399999976158142,-1.0,-0.0600000023841857,-0.5400000214576721,-0.0,-1.399998664855957,-1.9399986863136287,-1.9399986863136287
67.37464475631714,-0.9399999976158142,-1.0,-0.0600000023841857,-0.5400000214576721,-0.0,0.0,-0.5400000214576721,-0.5400000214576721
67.47628259658813,-0.9399999976158142,-1.0,-0.0600000023841857,-0.5400000214576721,-0.0,0.0,-0.5400000214576721,-0.5400000214576721
67.57941246032718,-0.9399999976158142,-1.0,-0.0600000023841857,-0.5400000214576721,-0.0,0.0,-0.5400000214576721,-0.5400000214576721
67.6818976402283,-0.9399999976158142,-1.0,-0.0600000023841857,-0.5400000214576721,-0.0,0.0,-0.5400000214576721,-0.5400000214576721
67.78623962402344,-0.9300000071525574,-1.0,-0.0699999928474426,-0.6299999356269836,-0.0,-1.399998664855957,-2.0299986004829407,-2.0299986004829407
68.10090589523318,-0.9300000071525574,-1.0,-0.0699999928474426,-0.6299999356269836,-0.0,0.0,-0.6299999356269836,-0.6299999356269836
68.10093283653259,-0.9300000071525574,-1.0,-0.0699999928474426,-0.6299999356269836,-0.0,0.0,-0.6299999356269836,-0.6299999356269836
68.10094499588013,-0.9300000071525574,-1.0,-0.0699999928474426,-0.6299999356269836,-0.0,0.0,-0.6299999356269836,-0.6299999356269836
68.197110414505,-0.9300000071525574,-1.0,-0.0699999928474426,-0.6299999356269836,-0.0,0.0,-0.6299999356269836,-0.6299999356269836
68.2630844116211,-0.9399999976158142,-1.0,-0.0600000023841857,-0.5400000214576721,-0.0,1.399998664855957,0.8599986433982849,0.8599986433982849
68.3644027709961,-0.9300000071525574,-1.0,-0.0699999928474426,-0.6299999356269836,-0.0,-1.399998664855957,-2.0299986004829407,-2.0299986004829407
68.46289849281308,-0.9399999976158142,-1.0,-0.0600000023841857,-0.5400000214576721,-0.0,1.399998664855957,0.8599986433982849,0.8599986433982849
68.56378221511838,-0.9399999976158142,-1.0,-0.0600000023841857,-0.5400000214576721,-0.0,0.0,-0.5400000214576721,-0.5400000214576721
68.6633632183075,-0.9399999976158142,-1.0,-0.0600000023841857,-0.5400000214576721,-0.0,0.0,-0.5400000214576721,-0.5400000214576721
68.76242017745975,-0.9399999976158142,-1.0,-0.0600000023841857,-0.5400000214576721,-0.0,0.0,-0.5400000214576721,-0.5400000214576721
68.86285066604614,-0.949999988079071,-1.0,-0.0500000119209289,-0.4500001072883606,-0.0,1.399998664855957,0.9499985575675964,0.9499985575675964
68.96221256256106,-0.949999988079071,-1.0,-0.0500000119209289,-0.4500001072883606,-0.0,0.0,-0.4500001072883606,-0.4500001072883606
69.06264567375186,-0.949999988079071,-1.0,-0.0500000119209289,-0.4500001072883606,-0.0,0.0,-0.4500001072883606,-0.4500001072883606
69.16230535507202,-0.9599999785423279,-1.0,-0.0400000214576721,-0.3600001931190491,-0.0,1.399998664855957,1.039998471736908,1.039998471736908
69.26232576370239,-0.9599999785423279,-1.0,-0.0400000214576721,-0.3600001931190491,-0.0,0.0,-0.3600001931190491,-0.3600001931190491
69.36224317550659,-0.9599999785423279,-1.0,-0.0400000214576721,-0.3600001931190491,-0.0,0.0,-0.3600001931190491,-0.3600001931190491
69.46257185935974,-0.9700000286102295,-1.0,-0.0299999713897705,-0.2699997425079345,-0.0,1.4000070095062256,1.130007266998291,1.130007266998291
69.56219816207886,-0.9800000190734863,-1.0,-0.0199999809265136,-0.179999828338623,-0.0,1.399998664855957,1.219998836517334,1.219998836517334
69.66230130195618,-0.9800000190734863,-1.0,-0.0199999809265136,-0.179999828338623,-0.0,0.0,-0.179999828338623,-0.179999828338623
